date,Ford,F-150,Ford Bronco_x,Ford Mustang_x,Ford Stock,Open,High,Low,Close,Volume,Dividends,Stock Splits,Ford Motor Company,Ford Mustang_y,Ford F Series,Ford Bronco_y,Lincoln Navigator,Lincoln Aviator,Ford GT
2020-01-01,17.695652173913043,0.0,0.0,0.782608695652174,0.0,,,,,,,,5733,3931,8,1328,655,676,2829
2020-01-02,20.833333333333332,0.0,0.0,0.0,0.0,8.982628963763705,9.108327865600586,8.88593721708277,9.108327865600586,43425700.0,0.0,0.0,6956,4164,8,1563,746,835,3687
2020-01-03,26.125,0.0,0.875,0.625,0.0,9.001968049148042,9.0599823618264,8.847261063723717,8.90527629852295,45040800.0,0.0,0.0,6121,3938,9,1359,696,737,3039
2020-01-04,18.041666666666668,0.0,1.7083333333333333,1.0833333333333333,0.0,,,,,,,,6245,3884,7,1358,700,958,2880
2020-01-05,17.708333333333332,0.0,0.0,0.6666666666666666,0.0,,,,,,,,6862,4396,4,1388,888,2054,2842
2020-01-06,27.583333333333332,0.5833333333333334,0.0,1.75,0.0,8.798915470593712,8.866599137836173,8.760238957580764,8.856929779052734,43372300.0,0.0,0.0,6083,3849,5,1471,761,798,2386
2020-01-07,16.875,0.0,0.9166666666666666,1.9166666666666667,0.0,8.895606686484825,8.943952560424805,8.818253657029198,8.943952560424805,44984100.0,0.0,0.0,5519,3867,4,1549,700,913,2098
2020-01-08,17.958333333333332,0.0,1.3333333333333333,0.75,0.0,8.924613842000474,8.992298434364784,8.866599530969177,8.943952560424805,45994900.0,0.0,0.0,5428,3808,8,1578,704,780,2206
2020-01-09,27.666666666666668,0.0,2.0416666666666665,1.875,0.0,8.992299336601564,9.001968696783898,8.876269780776369,8.953622817993164,51817400.0,0.0,0.0,5697,3810,8,1940,674,875,2479
2020-01-10,25.166666666666668,0.0,3.0833333333333335,0.0,0.0,8.963291278849136,9.050312745396083,8.943952560424805,8.943952560424805,39796300.0,0.0,0.0,5302,4079,2,1829,740,984,2276
2020-01-11,17.458333333333332,0.0,1.375,2.2083333333333335,0.0,,,,,,,,5165,4434,9,1783,803,1109,2308
2020-01-12,25.208333333333332,0.0,0.0,1.7083333333333333,0.0,,,,,,,,5819,4281,10,1707,1065,2628,2603
2020-01-13,19.291666666666668,0.0,2.4166666666666665,0.0,0.625,8.943953570509253,8.953622930813426,8.808585292613678,8.934284210205078,48553700.0,0.0,0.0,5963,4070,6,1697,836,1391,2326
2020-01-14,23.541666666666668,0.0,1.7083333333333333,0.75,0.6666666666666666,8.91494515398823,9.02130533596588,8.905275795048219,8.98262882232666,42935600.0,0.0,0.0,5758,4211,9,1638,881,1006,2211
2020-01-15,31.125,0.0,3.6666666666666665,2.625,0.0,8.963291645475353,8.992298802177483,8.876269253248076,8.885937690734863,55923900.0,0.0,0.0,6144,4429,7,1802,867,1052,2143
2020-01-16,27.0,0.0,1.2916666666666667,1.375,0.6666666666666666,8.924614350960878,8.972960227657968,8.847261317093897,8.866600036621094,44310400.0,0.0,0.0,6475,4057,8,1753,786,888,2445
2020-01-17,13.833333333333334,0.0,2.8333333333333335,2.1666666666666665,0.875,8.885936933282245,8.924613446295194,8.827922624823223,8.856929779052734,41644900.0,0.0,0.0,6330,4127,14,1984,779,1063,2562
2020-01-18,23.708333333333332,0.0,1.2083333333333333,0.0,0.0,,,,,,,,5964,4109,12,1945,771,1198,3153
2020-01-19,27.666666666666668,0.0,1.9583333333333333,0.0,0.0,,,,,,,,5854,4429,13,1798,864,1541,3929
2020-01-20,25.375,0.0,2.0,0.7083333333333334,0.0,,,,,,,,5765,3874,5,1704,950,1695,2605
2020-01-21,19.0,0.0,1.4166666666666667,0.0,0.0,8.847261063723717,8.914945658009632,8.798916110532046,8.90527629852295,49556400.0,0.0,0.0,5410,3800,4,1572,745,886,2179
2020-01-22,17.458333333333332,0.0,0.5416666666666666,1.0416666666666667,0.0,8.914945009632563,8.943952163862074,8.847260420269295,8.856929779052734,39914800.0,0.0,0.0,5562,3614,13,1713,731,930,2081
2020-01-23,21.208333333333332,0.9166666666666666,1.1666666666666667,0.0,0.9166666666666666,8.837592124938965,8.856929920694288,8.634540197843535,8.837592124938965,75848700.0,0.0,0.0,5768,3574,14,1541,706,833,2079
2020-01-24,23.458333333333332,0.0,2.9166666666666665,0.0,0.0,8.808584923977225,8.81825428387674,8.66354821396817,8.702224731445312,68100900.0,0.0,0.0,5200,3658,9,1552,731,992,2121
2020-01-25,23.833333333333332,0.0,0.875,0.0,0.0,,,,,,,,5110,3828,14,1603,814,1020,2250
2020-01-26,11.125,0.0,0.0,0.0,0.0,,,,,,,,5191,3751,7,1671,791,941,2661
2020-01-27,23.625,0.0,0.0,1.0,0.0,8.586194936333253,8.663547969101229,8.489503184312841,8.595864295959473,60769300.0,0.0,0.0,5260,3790,9,1456,703,849,2257
2020-01-28,23.125,0.0,1.0,0.8333333333333334,1.0416666666666667,8.644208742586788,8.702223974818745,8.566855714358065,8.673216819763184,85163400.0,0.0,0.0,6131,3808,3,1669,667,803,2361
2020-01-29,14.583333333333334,0.0,1.5833333333333333,0.0,0.0,8.702717297555987,8.810886322824583,8.692883494039808,8.712550163269043,59057400.0,0.15,0.0,6940,3969,9,1533,763,815,2735
2020-01-30,17.791666666666668,0.0,1.5416666666666667,0.625,0.0,8.663383969217158,8.69288444519043,8.584714470283062,8.69288444519043,42827800.0,0.0,0.0,6948,4168,8,1504,819,806,2669
2020-01-31,26.041666666666668,0.0,2.0,0.0,0.0,8.633881589922145,8.692883473073788,8.594547313755422,8.673215866088867,59813700.0,0.0,0.0,6539,4361,14,1458,733,926,2914
2020-02-01,15.0,0.0,0.6666666666666666,0.9166666666666666,0.0,,,,,,,,6683,4380,10,1307,581,921,3597
2020-02-02,19.875,0.0,0.5416666666666666,0.0,1.375,,,,,,,,7516,4529,8,1368,602,768,3719
2020-02-03,18.583333333333332,0.0,0.0,0.0,0.4583333333333333,8.702718299271682,8.987892069443577,8.702718299271682,8.830554008483887,71405400.0,0.0,0.0,6759,3878,12,1285,598,698,2513
2020-02-04,22.541666666666668,0.0,0.0,0.5,2.1666666666666665,8.92888933283336,9.086226441073098,8.919055529117593,9.027225494384766,86196400.0,0.0,0.0,7163,4301,7,1257,581,632,2524
2020-02-05,33.416666666666664,0.0,3.6666666666666665,0.0,1.2083333333333333,8.27003951637437,8.33887426700859,8.122536211357287,8.171704292297363,145792500.0,0.0,0.0,7414,3749,8,1480,784,623,2194
2020-02-06,26.625,0.0,2.8333333333333335,2.0,0.0,8.230705200712691,8.240539004415371,8.112702369689941,8.112702369689941,68823400.0,0.0,0.0,7337,4211,12,1482,747,604,3175
2020-02-07,26.125,0.0,1.75,0.0,0.0,8.073368013174262,8.073368013174262,7.886530433679039,7.975031852722168,98256500.0,0.0,0.0,6708,3530,4,1353,694,665,3120
2020-02-08,28.083333333333332,0.0,2.8333333333333335,0.0,1.125,,,,,,,,6940,3883,3,1484,680,797,3117
2020-02-09,29.791666666666668,0.0,1.0833333333333333,1.125,1.25,,,,,,,,7125,4085,15,1409,692,761,3535
2020-02-10,34.208333333333336,0.0,3.7916666666666665,2.3333333333333335,0.5416666666666666,8.014367079714951,8.014367079714951,7.91603184540504,7.925865650177002,71834900.0,0.0,0.0,7769,3954,12,1380,688,748,3577
2020-02-11,23.5,0.0,0.9583333333333334,0.0,0.0,7.965199947357177,8.014367095708632,7.945532337774002,7.965199947357178,80164500.0,0.0,0.0,6944,3841,10,1295,655,753,3019
2020-02-12,20.666666666666668,0.0,1.375,0.0,0.0,8.004533804518617,8.191371396641085,7.994700000248174,8.102869033813477,111536800.0,0.0,0.0,6686,3963,4,1403,614,923,3039
2020-02-13,19.458333333333332,0.0,1.3333333333333333,0.0,0.0,8.073368092682358,8.220871397010011,8.073368092682358,8.112702369689941,67648800.0,0.0,0.0,6890,3819,7,1351,630,867,3066
2020-02-14,14.708333333333334,0.8333333333333334,3.5833333333333335,0.8333333333333334,0.0,8.132370877601202,8.132370877601202,7.945532337774002,7.965199947357178,46359700.0,0.0,0.0,6448,3796,4,1273,606,766,3173
2020-02-15,16.958333333333332,0.0,0.8333333333333334,0.6666666666666666,0.0,,,,,,,,7306,4667,5,1276,577,936,4923
2020-02-16,29.791666666666668,0.0,3.25,1.6666666666666667,0.625,,,,,,,,8733,5117,5,1340,666,888,5434
2020-02-17,28.625,0.0,5.166666666666667,1.125,0.7916666666666666,,,,,,,,9111,4504,10,1462,612,860,4758
2020-02-18,24.5,0.0,0.5416666666666666,0.0,0.5,7.984866603202302,8.014367079714951,7.88653136889239,7.925865650177002,65094800.0,0.0,0.0,7714,4519,7,1416,614,752,3274
2020-02-19,22.958333333333332,0.0,2.0833333333333335,0.4583333333333333,1.5,7.925865137746314,7.965199416487849,7.866863250732422,7.866863250732422,69668200.0,0.0,0.0,6791,3733,4,1337,630,798,2646
2020-02-20,15.833333333333334,0.0,1.0833333333333333,0.6666666666666666,0.0,7.8668632605567765,7.935698013989631,7.857029456408318,7.896363735198975,52318200.0,0.0,0.0,6345,3725,8,1192,619,859,2228
2020-02-21,21.083333333333332,0.0,1.7083333333333333,0.0,2.0833333333333335,7.886530803429889,7.896363669693598,7.75869369506836,7.758693695068359,58326300.0,0.0,0.0,6062,3630,4,1222,639,772,2395
2020-02-22,21.75,0.0,0.8333333333333334,0.0,0.0,,,,,,,,6679,3992,9,1137,510,908,3138
2020-02-23,19.041666666666668,0.0,0.0,0.0,0.0,,,,,,,,7021,4348,4,1271,561,1000,3791
2020-02-24,10.75,0.0,0.6666666666666666,0.0,1.375,7.571855485614055,7.591522624450653,7.424352178790355,7.444019317626953,110048200.0,0.0,0.0,6735,3963,6,1345,540,773,2968
2020-02-25,14.458333333333334,0.375,1.75,0.4583333333333333,1.0833333333333333,7.552188162218561,7.552188162218561,7.09984351112953,7.109677314758301,108888300.0,0.0,0.0,6181,3707,9,1298,543,804,2218
2020-02-26,29.833333333333332,0.0,2.9166666666666665,0.7083333333333334,0.7916666666666666,7.178512523093142,7.335849629713847,7.090010166168213,7.090010166168213,92469500.0,0.0,0.0,6131,3611,2,1330,606,789,2044
2020-02-27,26.458333333333332,0.0,1.9583333333333333,0.6666666666666666,0.6666666666666666,7.011341966546352,7.158845745894902,6.8048367692387,6.854004383087158,118642400.0,0.0,0.0,5844,3570,3,1184,644,846,2091
2020-02-28,29.125,0.0,2.75,0.7916666666666666,1.5833333333333333,6.726168211303996,6.844171047210693,6.558997292652046,6.844171047210693,116490700.0,0.0,0.0,5698,3713,2,1217,695,833,2070
2020-02-29,31.75,1.0,1.7083333333333333,0.0,1.125,,,,,,,,6282,3975,5,1319,654,857,2728
2020-03-01,28.125,0.0,1.5416666666666667,0.0,0.0,,,,,,,,6562,4406,10,1239,648,786,3201
2020-03-02,28.791666666666668,0.0,2.5,0.625,0.0,6.991674936421678,7.109677774182835,6.765502596261996,7.080176830291748,96766000.0,0.0,0.0,9321,4147,8,1306,629,734,2427
2020-03-03,30.0,1.0416666666666667,2.9583333333333335,0.0,0.7083333333333334,7.168679081103958,7.217847163854004,6.775335825808354,6.854004383087158,97457800.0,0.0,0.0,6281,3507,6,1287,546,770,1961
2020-03-04,26.5,0.0,5.041666666666667,1.125,0.7083333333333334,6.9720072654288145,6.9720072654288145,6.80483635689051,6.9621734619140625,70588100.0,0.0,0.0,5765,3537,7,1293,560,702,1835
2020-03-05,31.583333333333332,0.75,3.7916666666666665,1.25,0.6666666666666666,6.844170933691514,6.854004268736513,6.59833146184599,6.627831935882568,78070900.0,0.0,0.0,5658,3605,6,1285,623,728,1864
2020-03-06,26.791666666666668,0.0,4.041666666666667,0.0,1.3333333333333333,6.490161836891528,6.568830391329966,6.293490450795434,6.381992340087891,109932200.0,0.0,0.0,5304,3632,8,1406,588,789,1964
2020-03-07,26.25,0.0,1.25,1.4166666666666667,0.0,,,,,,,,5926,3801,5,1459,537,886,2440
2020-03-08,34.541666666666664,0.0,5.5,0.0,0.0,,,,,,,,6259,4145,5,1531,550,907,2587
2020-03-09,30.458333333333332,0.0,3.5416666666666665,0.7083333333333334,1.75,5.870646447898861,6.0378173656729714,5.772310751826321,5.801811695098877,103901700.0,0.0,0.0,6033,3884,11,2243,533,719,2296
2020-03-10,36.958333333333336,0.0,4.375,0.75,2.0833333333333335,6.155820846557617,6.185321321775365,5.703476162738296,6.155820846557617,101873600.0,0.0,0.0,5687,3646,16,3378,599,592,1775
2020-03-11,19.958333333333332,0.0,2.7083333333333335,0.6666666666666666,1.3333333333333333,5.95914880881494,6.008316891302003,5.7821445558843685,5.801811695098877,98587100.0,0.0,0.0,5310,3452,2,2615,577,543,1658
2020-03-12,13.916666666666666,0.0,0.9583333333333334,0.0,0.75,5.290465335375751,5.595306212022101,5.113460622618699,5.260964393615723,89453100.0,0.0,0.0,4978,3078,8,1854,503,460,1498
2020-03-13,14.875,0.0,2.5,0.0,0.0,5.772310615723533,5.801811558300497,5.03479220921673,5.536304950714111,125375300.0,0.0,0.0,4592,3144,3,1722,470,496,1711
2020-03-14,12.166666666666666,0.0,0.9166666666666666,1.1666666666666667,0.0,,,,,,,,5142,3438,3,1620,525,620,2268
2020-03-15,11.25,0.0,0.75,0.0,0.375,,,,,,,,5534,3824,8,1449,532,586,2814
2020-03-16,18.208333333333332,0.0,1.375,0.4583333333333333,0.0,4.95612333938566,5.1331275768988815,4.916789064382722,4.9266228675842285,110310900.0,0.0,0.0,5020,3103,5,1346,446,500,2077
2020-03-17,21.583333333333332,0.0,2.2083333333333335,0.0,0.625,4.995457614388598,5.054459026893006,4.62178153295914,4.9266228675842285,104233500.0,0.0,0.0,5251,3173,5,1246,464,534,1733
2020-03-18,19.375,0.0,0.0,0.0,0.6666666666666666,4.670950306786431,4.759452673174059,4.03176753944586,4.425110816955566,125954700.0,0.0,0.0,9404,3116,5,1131,507,579,1744
2020-03-19,17.791666666666668,0.0,0.625,0.4583333333333333,2.5416666666666665,4.2579398731466345,4.50377936207105,4.031767524580107,4.3956098556518555,126603800.0,0.0,0.0,6146,3200,4,1183,419,625,1799
2020-03-20,14.083333333333334,0.0,1.7916666666666667,0.0,0.25,4.464445020935113,4.670950226348986,4.179271255154356,4.25793981552124,129378600.0,0.0,0.0,4793,3061,8,1247,369,589,1853
2020-03-21,14.291666666666666,0.0,1.25,0.0,0.6666666666666666,,,,,,,,5831,3864,5,1334,467,519,2464
2020-03-22,11.416666666666666,0.0,0.5833333333333334,0.5833333333333334,0.2916666666666667,,,,,,,,5956,3851,3,1357,442,509,2722
2020-03-23,21.041666666666668,0.0,0.5833333333333334,0.25,1.1666666666666667,4.198937996578829,4.44477745883497,3.894097119649402,3.943265199661255,134925000.0,0.0,0.0,5294,3419,10,1250,440,453,2119
2020-03-24,23.666666666666668,0.0,0.75,1.0416666666666667,0.75,4.395610041232098,4.906956181027573,4.189105293206555,4.867621898651123,146192100.0,0.0,0.0,5822,3434,6,1231,470,385,1763
2020-03-25,28.416666666666668,0.0,1.0416666666666667,0.0,0.875,5.673974787078762,5.772310478494893,5.034792089521562,5.300298690795898,198999400.0,0.0,0.0,6141,3307,7,1455,482,424,1797
2020-03-26,33.5,0.0,2.2083333333333335,0.875,0.5416666666666666,5.270798630990178,5.555972392901995,5.074126763839602,5.162629127502441,138227600.0,0.0,0.0,5850,3239,3,1306,431,435,1869
2020-03-27,31.5,0.0,2.6666666666666665,0.4583333333333333,0.4583333333333333,4.985624843390781,5.21179718466259,4.828287256700654,5.103627681732178,106324000.0,0.0,0.0,5854,3383,2,1329,463,462,1840
2020-03-28,22.708333333333332,0.0,1.3333333333333333,0.5833333333333334,0.0,,,,,,,,6325,3708,6,1359,511,458,2121
2020-03-29,19.75,0.0,0.7916666666666666,0.0,0.875,,,,,,,,6518,4113,7,1599,533,460,2555
2020-03-30,29.583333333333332,0.0,2.7916666666666665,0.0,1.25,5.0249590507775945,5.034792386047563,4.847954326902234,4.946290493011475,97879700.0,0.0,0.0,7453,3377,8,1380,466,410,2156
2020-03-31,28.25,0.0,2.2083333333333335,1.2916666666666667,1.7083333333333333,4.9462903894735035,5.103627501712292,4.670949974154043,4.7496185302734375,231800800.0,0.0,0.0,6325,3482,7,1331,505,410,1859
2020-04-01,17.0,0.0,0.2916666666666667,0.75,1.5833333333333333,4.5529469195102035,4.690616886052829,4.287440321012933,4.326774597167969,119174500.0,0.0,0.0,6333,3582,7,1285,486,365,1829
2020-04-02,19.125,0.0,0.375,0.0,0.3333333333333333,4.316941252626742,4.49394598304392,4.1792712714479645,4.287440776824951,90891700.0,0.0,0.0,6313,3783,7,1264,481,329,1932
2020-04-03,32.625,0.0,0.375,0.5,0.5,4.326774501658739,4.346441639302125,4.100602184309032,4.169436931610107,85659900.0,0.0,0.0,6158,3605,3,1310,425,350,2026
2020-04-04,13.916666666666666,0.0,2.125,0.0,0.0,,,,,,,,6876,6687,8,1314,494,364,2313
2020-04-05,12.5,0.0,1.0416666666666667,0.0,2.75,,,,,,,,6748,5369,3,19834,559,353,2697
2020-04-06,16.791666666666668,0.3333333333333333,0.5,0.0,0.0,4.464444636169696,4.592281270199164,4.3366080021402285,4.454611301422119,102205300.0,0.0,0.0,5629,3639,5,1669,496,317,2146
2020-04-07,16.875,0.0,0.375,0.375,1.9166666666666667,4.769285610236841,4.946290328214898,4.552947083587807,4.63161563873291,115150400.0,0.0,0.0,6136,3578,5,1367,529,358,1903
2020-04-08,24.833333333333332,0.0,2.0833333333333335,0.0,1.875,4.779119573307675,5.005291911336064,4.720118154983085,4.946290493011475,117022200.0,0.0,0.0,5820,3795,5,1338,448,380,1899
2020-04-09,21.166666666666668,1.125,0.7916666666666666,2.4166666666666665,0.0,5.418302468089947,5.654308148339159,5.152795374457176,5.280632019042969,175681700.0,0.0,0.0,6929,3770,7,1323,519,423,1889
2020-04-10,25.75,0.0,1.75,0.0,0.0,,,,,,,,6364,3853,10,1427,571,444,2206
2020-04-11,30.541666666666668,0.0,0.8333333333333334,0.7083333333333334,1.0,,,,,,,,5549,4018,12,1417,537,473,2405
2020-04-12,34.541666666666664,0.0,2.5416666666666665,1.9583333333333333,0.9583333333333334,,,,,,,,5961,4360,10,1521,533,420,2549
2020-04-13,37.666666666666664,0.0,1.625,2.4583333333333335,0.0,5.339632838455934,5.339632838455934,4.936456278932276,5.074126243591309,99320000.0,0.0,0.0,5976,3981,11,1496,572,426,2381
2020-04-14,29.166666666666668,1.125,1.375,1.75,0.0,5.182296284791442,5.349467208317231,5.074126780939178,5.201963424682617,74877000.0,0.0,0.0,6067,3947,10,1395,526,431,1990
2020-04-15,21.5,0.0,1.4583333333333333,0.625,3.2083333333333335,4.975790967722974,5.054459525489094,4.867621466343764,4.946290493011475,74727700.0,0.0,0.0,5500,3876,9,1329,576,389,1889
2020-04-16,31.416666666666668,0.75,0.0,0.5416666666666666,0.5416666666666666,4.975790921490252,4.985624725570442,4.808620003339726,4.8577880859375,58951200.0,0.0,0.0,5656,3778,6,1269,563,412,1832
2020-04-17,28.875,0.0,1.2083333333333333,1.5416666666666667,0.0,5.083960025172412,5.192129517106296,4.946290061103,5.034791946411133,91989300.0,0.0,0.0,6303,5066,13,1442,570,480,1899
2020-04-18,27.125,0.8333333333333334,0.9583333333333334,2.5833333333333335,0.0,,,,,,,,7793,5049,15,1641,568,512,2423
2020-04-19,22.666666666666668,0.0,0.0,1.6666666666666667,1.8333333333333333,,,,,,,,6447,4686,13,1748,611,490,2440
2020-04-20,24.708333333333332,0.0,1.0833333333333333,1.1666666666666667,0.0,4.926623326569083,5.005291883904052,4.828287160998784,4.897122383117676,71079400.0,0.0,0.0,5995,4344,6,1494,588,507,1939
2020-04-21,23.083333333333332,0.0,1.0,0.0,0.5,4.808619917960738,4.838120860775918,4.6414490027783994,4.690617084503174,82400200.0,0.0,0.0,5875,4404,8,1413,605,510,1773
2020-04-22,15.708333333333334,0.0,0.4583333333333333,0.5833333333333334,0.375,4.788952779051144,4.808619917960738,4.67094994559358,4.690617084503174,62237200.0,0.0,0.0,5929,4177,9,1459,588,518,1883
2020-04-23,15.291666666666666,0.0,0.7916666666666666,0.9583333333333334,0.0,4.720118084332309,4.897122336656677,4.690617141160789,4.808619976043701,61959800.0,0.0,0.0,5240,4023,14,1882,553,462,1777
2020-04-24,17.041666666666668,0.0,1.125,2.25,0.0,4.847954244778729,4.877455187892079,4.720118075025104,4.788952827453613,54320400.0,0.0,0.0,5121,4025,11,1212,510,540,1694
2020-04-25,15.125,0.0,0.9166666666666666,1.4583333333333333,2.4166666666666665,,,,,,,,5661,4204,9,1282,579,498,1867
2020-04-26,16.041666666666668,0.0,0.625,0.5833333333333334,0.0,,,,,,,,5897,4218,7,1527,542,500,2124
2020-04-27,25.041666666666668,0.0,0.375,0.4166666666666667,0.4583333333333333,4.8282872482800325,5.103627672831356,4.798786773196931,5.08396053314209,91082800.0,0.0,0.0,5490,4038,10,1311,597,400,1906
2020-04-28,16.625,0.0,2.5833333333333335,1.25,0.0,5.398634867588741,5.447802952168159,5.133128242443419,5.290465831756592,106222800.0,0.0,0.0,6423,3744,15,1746,508,416,1795
2020-04-29,24.208333333333332,0.0,0.875,0.5,0.9583333333333334,5.241297212080661,5.408468119901877,5.123294383819175,5.172462463378906,126393000.0,0.0,0.0,6108,3875,12,1503,528,451,1620
2020-04-30,21.208333333333332,0.0,1.7083333333333333,0.0,0.9166666666666666,5.074126692753741,5.152795250951226,4.975790995006885,5.005291938781738,93437900.0,0.0,0.0,5502,4824,8,1373,565,449,1657
2020-05-01,24.458333333333332,0.0,0.0,0.4583333333333333,1.4166666666666667,4.936456633451711,4.9659575767337945,4.818453798126552,4.838120937347412,82660100.0,0.0,0.0,5602,4407,9,1455,546,411,1666
2020-05-02,13.291666666666666,0.0,0.625,0.0,0.0,,,,,,,,5418,4186,8,1378,553,434,1820
2020-05-03,11.166666666666666,0.0,0.0,0.0,0.0,,,,,,,,5354,4459,11,1521,725,471,2059
2020-05-04,19.041666666666668,0.0,0.6666666666666666,2.125,0.4166666666666667,4.79878615188289,4.88728803457517,4.690616663146173,4.77911901473999,84214700.0,0.0,0.0,5519,3922,7,1406,525,432,1676
2020-05-05,17.291666666666668,0.0,0.375,1.7916666666666667,0.375,4.906955230947185,5.005291386750181,4.857787621947229,4.8872880935668945,96301300.0,0.0,0.0,6815,3729,8,1314,528,430,1519
2020-05-06,18.583333333333332,1.0,1.1666666666666667,0.5416666666666666,0.9166666666666666,4.965957548330545,5.005291826547289,4.739785214133476,4.788952827453613,89390400.0,0.0,0.0,5318,3711,8,1268,511,431,1566
2020-05-07,20.25,0.0,1.0833333333333333,0.0,0.875,4.818453770566963,4.897122327000451,4.769285688345242,4.788952827453613,67222900.0,0.0,0.0,5255,3521,1,1346,473,398,1553
2020-05-08,22.166666666666668,0.0,1.375,0.4166666666666667,2.5,4.877455357686454,5.162629119136131,4.867621553339141,5.152795314788818,101207100.0,0.0,0.0,4772,3578,6,1376,495,369,1554
2020-05-09,26.125,0.0,1.1666666666666667,0.75,0.0,,,,,,,,5215,3934,12,1428,541,401,1710
2020-05-10,20.625,0.0,1.25,0.4583333333333333,0.0,,,,,,,,5435,4059,13,1565,570,405,1803
2020-05-11,16.875,0.0,0.0,0.4583333333333333,1.25,5.093793359583738,5.103627162896613,4.965957198827201,5.034791946411133,75734000.0,0.0,0.0,5331,3955,2,1333,504,477,1607
2020-05-12,14.833333333333334,0.0,1.625,0.9583333333333334,0.0,5.064293301905278,5.133128055122581,4.8872885790000105,4.897122383117676,70965200.0,0.0,0.0,5103,3618,9,1348,547,460,1521
2020-05-13,25.333333333333332,0.375,1.0833333333333333,2.25,1.5416666666666667,4.916789386574225,4.92662319042013,4.582447558238673,4.641448974609375,100192300.0,0.0,0.0,5308,3615,6,1260,577,491,1378
2020-05-14,30.25,0.0,1.0416666666666667,0.0,0.0,4.56278050225351,4.838120919215221,4.444777667370598,4.808619976043701,108061100.0,0.0,0.0,5600,3669,3,1298,568,477,1486
2020-05-15,15.666666666666666,0.0,1.9583333333333333,1.6666666666666667,0.5,4.720118092844233,4.857788067122561,4.670950010436894,4.818453788757324,80544700.0,0.0,0.0,4901,3687,8,1422,546,431,1540
2020-05-16,20.083333333333332,0.0,1.25,1.2083333333333333,0.0,,,,,,,,4844,3793,7,1270,533,510,1633
2020-05-17,14.333333333333334,0.0,0.5416666666666666,0.7083333333333334,0.0,,,,,,,,10490,4187,5,1451,616,575,1953
2020-05-18,21.958333333333332,0.5833333333333334,0.0,0.9166666666666666,0.4583333333333333,5.034792049769298,5.241297234563492,5.034792049769298,5.221630096435547,136157700.0,0.0,0.0,5232,3854,5,1500,615,414,1658
2020-05-19,18.958333333333332,0.0,2.875,1.5833333333333333,0.4166666666666667,5.182295818923537,5.359300062032131,5.064292990184475,5.211796760559082,94836300.0,0.0,0.0,4949,3615,10,1291,566,422,1503
2020-05-20,15.041666666666666,0.0,0.0,0.0,0.75,5.290465406606815,5.447802514374534,5.280631602920549,5.398634433746338,87685400.0,0.0,0.0,4891,3592,8,1262,587,475,1508
2020-05-21,19.458333333333332,0.0,1.2083333333333333,0.375,0.0,5.359300233055471,5.595306366966467,5.349466898130866,5.536304950714111,87098200.0,0.0,0.0,6017,3596,12,1487,573,444,1567
2020-05-22,17.208333333333332,0.0,0.0,1.0,0.4166666666666667,5.585472573031834,5.634640654446657,5.408468323961303,5.555972099304199,76656500.0,0.0,0.0,6791,3836,12,1393,624,474,1808
2020-05-23,12.625,0.5833333333333334,0.0,0.0,0.0,,,,,,,,5628,4084,7,1490,635,474,1792
2020-05-24,13.083333333333334,0.625,0.4583333333333333,0.0,0.0,,,,,,,,5541,3955,11,1651,600,532,2009
2020-05-25,16.875,0.0,0.7083333333333334,1.25,0.4166666666666667,,,,,,,,5115,3939,12,1487,614,562,1840
2020-05-26,17.958333333333332,0.0,1.0,1.5833333333333333,1.1666666666666667,5.821478805801348,5.890313558264199,5.72314311021043,5.742810249328613,86046300.0,0.0,0.0,5418,3663,6,1385,664,555,1611
2020-05-27,24.541666666666668,0.0,2.125,1.2083333333333333,1.625,5.909981259923232,5.988649817642412,5.742810340319181,5.929648399353027,110413900.0,0.0,0.0,4944,3555,9,1329,535,473,1445
2020-05-28,16.916666666666668,0.0,1.0833333333333333,0.7083333333333334,1.0833333333333333,5.949315938454067,5.9689830792050875,5.713309780540195,5.752644062042236,76930200.0,0.0,0.0,4967,3614,4,1303,570,414,1430
2020-05-29,17.291666666666668,0.0,1.3333333333333333,0.5416666666666666,0.4583333333333333,5.65430782285174,5.703475904524125,5.477303572853993,5.614973545074463,92936300.0,0.0,0.0,4879,3447,6,1281,550,289,1468
2020-05-30,19.541666666666668,0.0,0.0,0.0,0.7083333333333334,,,,,,,,4724,3539,7,1302,524,333,1389
2020-05-31,15.166666666666666,0.0,1.0416666666666667,0.6666666666666666,0.0,,,,,,,,4990,3630,8,1364,520,330,1590
2020-06-01,16.166666666666668,0.0,1.125,0.0,0.0,5.634640294259093,5.78214406017299,5.575638881673844,5.772310256958008,61879700.0,0.0,0.0,6057,3672,11,1339,457,317,1327
2020-06-02,18.166666666666668,0.0,1.0833333333333333,1.7916666666666667,0.5416666666666666,5.860813112742401,5.900147391171417,5.732976473397306,5.801811695098877,80046000.0,0.0,0.0,4688,3295,9,1220,479,271,1311
2020-06-03,26.875,0.0,1.2916666666666667,1.5,1.375,5.890313722506423,6.165654146740016,5.821478968124222,6.0869855880737305,98876600.0,0.0,0.0,4685,3347,10,1233,465,312,1339
2020-06-04,24.833333333333332,0.0,1.9166666666666667,0.7083333333333334,0.875,6.096819090943384,6.470495223775179,6.018150530115977,6.460661888122559,115798600.0,0.0,0.0,4492,3782,6,1388,531,299,1769
2020-06-05,28.583333333333332,0.0,1.75,0.7916666666666666,0.7916666666666666,7.119510708919993,7.375183978583646,6.90317218519823,7.217846870422363,208648200.0,0.0,0.0,4875,3604,14,1452,495,303,1382
2020-06-06,24.75,0.0,1.0416666666666667,0.9166666666666666,1.0833333333333333,,,,,,,,4912,3628,13,1345,564,328,1567
2020-06-07,23.125,0.0,2.2083333333333335,0.0,0.0,,,,,,,,4785,4076,8,1481,550,300,1681
2020-06-08,34.541666666666664,0.0,4.166666666666667,1.1666666666666667,2.0833333333333335,7.4046850204467765,7.611189743236253,7.247347441266904,7.404685020446777,113169300.0,0.0,0.0,5228,4134,8,1471,585,391,1527
2020-06-09,33.083333333333336,0.0,0.8333333333333334,1.25,1.3333333333333333,7.099843987795545,7.316182993137321,6.932673534997113,7.119511127471924,115749600.0,0.0,0.0,5233,3739,6,1415,597,342,1549
2020-06-10,11.25,0.0,0.375,0.0,0.0,7.208013279917295,7.217847083919034,6.657332916162666,6.696667194366455,147327100.0,0.0,0.0,5896,3714,5,1347,512,323,1484
2020-06-11,11.625,0.0,0.875,0.5833333333333334,0.0,5.968982723565781,6.352492179811534,5.939481779746141,6.027984142303467,116184700.0,0.0,0.0,6763,3952,6,1505,572,336,1628
2020-06-12,17.208333333333332,0.0,1.125,0.875,0.8333333333333334,6.450827548499062,6.519662767964253,6.195154747016981,6.352491855621338,88778000.0,0.0,0.0,5155,3605,6,1551,450,275,1588
2020-06-13,21.791666666666668,0.0,1.1666666666666667,1.375,0.0,,,,,,,,5093,3741,10,1613,516,304,1642
2020-06-14,12.75,0.0,0.9166666666666666,0.0,0.0,,,,,,,,5720,4002,8,1935,596,309,1851
2020-06-15,17.833333333333332,0.0,2.9583333333333335,1.0,0.4166666666666667,6.077151465705181,6.470494707350204,6.008316714925862,6.391826152801514,104742600.0,0.0,0.0,5635,3735,4,2587,548,361,1607
2020-06-16,17.291666666666668,0.5416666666666666,1.5,1.0,0.0,6.755668482299541,6.755668482299541,6.332824765255571,6.4409942626953125,109535200.0,0.0,0.0,5551,4022,8,3521,515,329,1518
2020-06-17,19.583333333333332,0.0,2.875,1.0833333333333333,0.7916666666666666,6.450827476927363,6.450827476927363,6.204988013009849,6.2246551513671875,67831400.0,0.0,0.0,5033,4349,5,4299,611,383,1404
2020-06-18,18.708333333333332,0.0,4.541666666666667,0.5416666666666666,0.0,6.155820401567286,6.342657981511219,6.086985182865819,6.2246551513671875,61301800.0,0.0,0.0,5146,3720,8,2199,516,353,1465
2020-06-19,18.541666666666668,0.0,1.125,0.8333333333333334,0.0,6.529496484043937,6.578664567804399,6.126319885253907,6.126319885253906,126127800.0,0.0,0.0,4839,3744,8,2556,551,620,1479
2020-06-20,25.416666666666668,0.0,1.0,1.5,0.9166666666666666,,,,,,,,4868,3904,5,2622,516,724,1690
2020-06-21,15.083333333333334,0.9583333333333334,0.75,0.0,0.0,,,,,,,,7283,5651,11,2229,539,742,4390
2020-06-22,25.416666666666668,0.5416666666666666,2.0833333333333335,0.8333333333333334,0.0,6.16565419079336,6.175487995147705,6.027984212143715,6.175487995147705,71724300.0,0.0,0.0,6416,4905,9,2104,545,676,3597
2020-06-23,26.666666666666668,0.0,1.2916666666666667,4.375,0.0,6.224655547370344,6.273823630842472,6.037817486638491,6.047651290893555,86672800.0,0.0,0.0,7031,4450,9,1925,566,718,2368
2020-06-24,12.958333333333334,0.0,0.9166666666666666,0.0,0.0,5.959148828646076,6.0181502464859475,5.762477435846504,5.850979328155518,75536300.0,0.0,0.0,6246,4394,8,1621,481,678,2853
2020-06-25,13.166666666666666,0.0,0.8333333333333334,1.2083333333333333,0.0,5.762477479748976,5.949315538782822,5.703476061459591,5.929648399353027,73612700.0,0.0,0.0,5077,4000,4,1615,487,675,2002
2020-06-26,23.0,1.7083333333333333,1.6666666666666667,0.3333333333333333,0.3333333333333333,5.939481670336273,5.968982613612483,5.713309334890619,5.811645030975342,118435400.0,0.0,0.0,5827,4081,7,1646,524,642,2235
2020-06-27,12.958333333333334,0.0,1.1666666666666667,0.0,0.0,,,,,,,,5348,4357,3,1693,518,787,2718
2020-06-28,13.375,0.0,0.0,0.6666666666666666,0.0,,,,,,,,5718,4652,10,1711,594,712,3070
2020-06-29,16.75,0.0,0.75,0.75,1.5416666666666667,5.811644615961726,5.968982187363283,5.7133089268992245,5.909980773925781,58208400.0,0.0,0.0,5585,4190,3,1681,538,649,2499
2020-06-30,12.708333333333334,0.0,0.875,0.0,0.7916666666666666,5.880480334949297,5.998483171901742,5.801811776981,5.978816032409668,61909300.0,0.0,0.0,5348,3822,4,1714,531,654,2138
2020-07-01,14.916666666666666,0.75,1.5416666666666667,0.0,0.5416666666666666,5.998483125498831,6.077151682858566,5.850979345998534,5.8804802894592285,62454700.0,0.0,0.0,5195,3817,4,1946,619,673,2026
2020-07-02,19.791666666666668,0.0,0.0,0.5833333333333334,0.0,5.998483162142511,6.067318384703575,5.900147464842127,5.949315547943115,67270500.0,0.0,0.0,5179,3752,4,2120,681,775,2168
2020-07-03,30.25,0.0,1.0,0.0,0.0,,,,,,,,5308,3851,11,1991,627,727,2422
2020-07-04,23.75,0.6666666666666666,1.875,0.0,0.0,,,,,,,,5934,4356,2,1842,518,636,2674
2020-07-05,23.875,0.0,3.5,2.4166666666666665,0.0,,,,,,,,7885,4501,7,1831,550,621,2807
2020-07-06,24.791666666666668,0.0,3.0,0.5833333333333334,1.2916666666666667,6.037817504456505,6.096818923456218,6.008317029407446,6.0869855880737305,63921800.0,0.0,0.0,5695,4246,7,4343,623,692,2773
2020-07-07,13.166666666666666,0.8333333333333334,0.5833333333333334,0.875,1.4583333333333333,6.037817469141382,6.096818887795997,5.9886498547133336,6.018150329589844,56652000.0,0.0,0.0,5926,3846,6,5702,594,825,2538
2020-07-08,21.916666666666668,0.5,1.7083333333333333,0.0,0.4166666666666667,6.027984124163378,6.077151738512692,5.949315566083203,5.988649845123291,60928600.0,0.0,0.0,5639,3891,7,3710,532,872,2140
2020-07-09,18.166666666666668,0.4583333333333333,3.9583333333333335,0.4166666666666667,0.625,5.9886497227567,5.998483057865,5.72314311021043,5.742810249328613,82693000.0,0.0,0.0,5547,3975,3,3251,531,795,2255
2020-07-10,23.25,0.0,2.4583333333333335,0.9583333333333334,1.5416666666666667,5.703476088171199,5.998483180999755,5.644474200703895,5.998483180999756,73710700.0,0.0,0.0,5406,3599,4,3183,616,942,2058
2020-07-11,17.583333333333332,0.0,3.125,0.0,0.0,,,,,,,,7127,4301,8,3935,624,1016,2808
2020-07-12,20.416666666666668,0.5416666666666666,4.75,0.0,0.5,,,,,,,,6124,4258,12,4037,607,1036,2826
2020-07-13,17.0,0.0,3.7083333333333335,0.0,1.0,6.047650761930681,6.116485510089056,5.949315072489035,5.959148406982422,80190700.0,0.0,0.0,6027,3904,8,7253,588,868,2279
2020-07-14,37.833333333333336,0.625,20.5,0.0,1.0,6.077151398006581,6.283656585847241,5.978815705916164,6.254156112670898,106131800.0,0.0,0.0,9760,4211,10,51639,645,1033,2715
2020-07-15,23.75,0.0,7.0,0.0,0.5,6.431160545966781,6.667166682767306,6.411493406975202,6.627831935882568,101648700.0,0.0,0.0,6415,4025,10,28299,566,899,2388
2020-07-16,20.625,0.0,7.958333333333333,0.7083333333333334,0.625,6.549163906467666,6.785170062243037,6.519663430059257,6.745835781097412,93498500.0,0.0,0.0,6013,3962,13,19953,559,742,2368
2020-07-17,24.083333333333332,0.0,5.208333333333333,1.0,0.0,6.785169553988047,6.795002889087061,6.61799863719056,6.68683385848999,80769000.0,0.0,0.0,5803,4122,7,16449,587,818,2259
2020-07-18,23.583333333333332,0.0,1.375,2.2083333333333335,0.5416666666666666,,,,,,,,6194,4443,5,14885,598,995,2646
2020-07-19,30.583333333333332,0.0,7.541666666666667,0.5416666666666666,0.0,,,,,,,,6913,4179,8,12602,611,989,2731
2020-07-20,29.25,0.0,5.0,1.125,1.125,6.6868337825577635,6.736001395297678,6.470494786017091,6.549163341522217,71361700.0,0.0,0.0,6676,3912,12,9517,563,567,2176
2020-07-21,18.708333333333332,0.0,3.0416666666666665,0.0,0.0,6.598331432921141,6.696667127447964,6.529496212301575,6.568830490112305,63285100.0,0.0,0.0,5923,3835,12,7565,548,625,1954
2020-07-22,18.875,0.0,1.2916666666666667,1.375,0.6666666666666666,6.529496295217472,6.765502433980389,6.499995820935597,6.726168155670166,75629600.0,0.0,0.0,6047,3924,6,6982,596,1142,2248
2020-07-23,32.125,0.0,5.125,0.0,0.6666666666666666,6.755668694956055,6.942506753178185,6.686833941701621,6.863838195800781,88652600.0,0.0,0.0,6543,3797,7,6554,524,823,1757
2020-07-24,22.333333333333332,0.0,0.0,0.0,0.9583333333333334,6.785169592060307,6.893339092165911,6.7458353136403755,6.765502452850342,62292000.0,0.0,0.0,5838,4065,1,6126,547,863,1992
2020-07-25,18.583333333333332,0.0,1.5416666666666667,1.0416666666666667,0.0,,,,,,,,5716,4418,4,6421,586,903,2064
2020-07-26,16.625,0.0,1.9583333333333333,0.0,0.0,,,,,,,,6200,4555,3,6438,553,874,2577
2020-07-27,22.458333333333332,0.0,3.8333333333333335,0.9583333333333334,0.0,6.804836274575581,6.824503412465621,6.657332505949505,6.814669609069824,60370200.0,0.0,0.0,5721,3917,5,5344,603,836,2070
2020-07-28,26.041666666666668,0.0,2.5833333333333335,1.3333333333333333,0.0,6.785170125334563,6.932673915453024,6.785170125334563,6.89333963394165,56312500.0,0.0,0.0,5286,3789,5,4637,567,685,1768
2020-07-29,22.916666666666668,0.0,0.875,0.0,0.0,6.93267290390343,6.9425062383956755,6.71633391825538,6.804836273193359,59437200.0,0.0,0.0,5609,3751,9,4116,554,656,1863
2020-07-30,23.916666666666668,0.0,1.25,0.0,1.7916666666666667,6.627831935882568,6.716334295795463,6.558997183862833,6.627831935882568,58991000.0,0.0,0.0,5272,3637,8,2940,543,686,1705
2020-07-31,21.833333333333332,0.0,4.458333333333333,0.0,0.7083333333333334,6.775335651872899,6.785169455731092,6.411493349348149,6.499995708465576,115301700.0,0.0,0.0,5051,3526,5,2815,547,669,1942
2020-08-01,15.458333333333334,0.0,1.9166666666666667,0.0,0.0,,,,,,,,5084,3850,5,2697,616,758,2008
2020-08-02,15.625,0.0,1.375,1.8333333333333333,0.0,,,,,,,,7752,4026,7,2789,614,742,2268
2020-08-03,29.916666666666668,0.0,4.041666666666667,2.3333333333333335,0.5833333333333334,6.539330024962522,6.608164776772693,6.421327191372305,6.578664302825928,53845900.0,0.0,0.0,7632,3638,5,2574,563,690,2066
2020-08-04,27.041666666666668,0.0,2.3333333333333335,0.0,0.9166666666666666,6.795003398078634,6.795003398078634,6.6179991329233205,6.745835781097412,69377600.0,0.0,0.0,7256,3573,7,2393,572,774,1874
2020-08-05,20.0,0.0,2.625,0.5833333333333334,0.0,6.745835350621778,6.913006269273728,6.745835350621778,6.844171047210693,81728400.0,0.0,0.0,5553,3546,5,2186,549,639,1770
2020-08-06,21.75,0.5416666666666666,2.0833333333333335,0.8333333333333334,0.7916666666666666,6.814669609069824,6.8835048261357406,6.775335333289744,6.814669609069824,48668500.0,0.0,0.0,5218,3715,5,2014,571,625,1689
2020-08-07,29.458333333333332,0.0,1.375,0.0,0.7916666666666666,6.755669116933009,6.80483720281585,6.677000554641758,6.745835781097412,47480100.0,0.0,0.0,5363,3700,3,2174,581,820,1855
2020-08-08,20.541666666666668,0.0,1.625,0.6666666666666666,0.0,,,,,,,,5599,3841,9,2156,565,829,1807
2020-08-09,21.625,0.0,1.5,1.4583333333333333,0.0,,,,,,,,5496,4083,10,2115,638,873,2033
2020-08-10,22.833333333333332,0.0,1.625,2.8333333333333335,0.0,6.7950030270723465,7.011342030462823,6.7950030270723465,6.972007751464844,57229000.0,0.0,0.0,8395,4414,7,1996,647,626,1862
2020-08-11,22.625,0.0,3.0416666666666665,1.4583333333333333,0.0,7.090010176402324,7.2571810868789095,7.070343038046348,7.109677314758301,74016400.0,0.0,0.0,6462,3724,5,2014,1014,727,1713
2020-08-12,24.083333333333332,0.0,2.6666666666666665,0.0,0.0,7.208012943233515,7.247347219600014,6.942506343308869,6.991674423217773,59161400.0,0.0,0.0,5662,3845,4,2118,918,721,1676
2020-08-13,28.208333333333332,0.0,2.3333333333333335,0.9583333333333334,3.5,6.91300630569458,7.060509616904272,6.883505362111687,6.91300630569458,50066800.0,0.0,0.0,5871,3761,7,2133,759,677,1551
2020-08-14,29.916666666666668,0.0,2.5416666666666665,0.0,0.0,6.854003947043357,6.991674382424417,6.814669670906357,6.922839164733887,43517700.0,0.0,0.0,5676,3731,1,2045,773,712,1821
2020-08-15,21.208333333333332,0.0,0.7916666666666666,0.0,0.0,,,,,,,,5309,3840,9,1958,790,875,1941
2020-08-16,30.25,0.0,3.2083333333333335,0.0,0.0,,,,,,,,5687,4031,12,2017,727,942,2414
2020-08-17,18.875,0.0,0.6666666666666666,0.0,0.0,6.932673417956805,6.942506753178185,6.755668694956055,6.863838195800781,64555200.0,0.0,0.0,4915,4194,6,2021,674,791,2070
2020-08-18,31.458333333333332,0.0,1.0,0.7916666666666666,0.6666666666666666,6.863837666566067,6.893338607758725,6.775335311889648,6.775335311889648,40444200.0,0.0,0.0,5032,3799,4,1920,706,712,1919
2020-08-19,10.083333333333334,0.0,0.0,0.5833333333333334,0.0,6.775336257546808,6.903172905721673,6.74583578113822,6.755669116973877,44158100.0,0.0,0.0,4912,3571,6,1765,664,674,1625
2020-08-20,21.333333333333332,0.0,1.75,0.625,0.5416666666666666,6.657332934176486,6.775335769107152,6.617998655866264,6.726168155670166,41824500.0,0.0,0.0,4909,3525,4,1856,609,679,1698
2020-08-21,25.541666666666668,0.0,0.9166666666666666,2.25,0.5833333333333334,6.667166643681482,6.736001395297678,6.539330006534865,6.549163341522217,39158900.0,0.0,0.0,4924,3603,5,1922,598,662,1664
2020-08-22,27.291666666666668,0.0,2.125,2.5416666666666665,0.0,,,,,,,,5060,3849,2,1806,611,765,1919
2020-08-23,21.708333333333332,0.0,0.6666666666666666,0.625,0.0,,,,,,,,5176,4059,9,1849,593,762,2148
2020-08-24,12.583333333333334,0.5416666666666666,0.0,0.0,0.0,6.617998719545597,6.883505335145132,6.578664440856896,6.863838195800781,64974700.0,0.0,0.0,5546,3707,9,1718,602,722,1722
2020-08-25,25.083333333333332,0.5416666666666666,1.2916666666666667,0.75,1.4166666666666667,6.893339120590115,6.981841012949099,6.74583534145636,6.8245038986206055,49550000.0,0.0,0.0,4877,3581,5,1729,662,656,1619
2020-08-26,15.541666666666666,0.0,1.5833333333333333,0.5416666666666666,0.0,6.82450432707198,6.8540048034098575,6.657333398151952,6.706501483917236,48600100.0,0.0,0.0,4963,3625,9,1599,536,664,1906
2020-08-27,20.958333333333332,0.0,0.625,1.0833333333333333,0.0,6.716334380360072,6.8638381591049065,6.716334380360072,6.7950029373168945,45740900.0,0.0,0.0,4792,3419,7,1874,630,716,1445
2020-08-28,15.625,0.0,1.8333333333333333,0.8333333333333334,0.0,6.814670094524281,6.834337233815343,6.74583534145636,6.8245038986206055,39936900.0,0.0,0.0,4914,3587,5,2050,595,713,1541
2020-08-29,27.125,0.0,2.4166666666666665,1.5,0.0,,,,,,,,4892,3727,3,2354,643,965,1688
2020-08-30,21.458333333333332,1.0416666666666667,0.75,1.625,0.0,,,,,,,,5266,3924,5,2363,566,856,2018
2020-08-31,23.208333333333332,0.0,2.0416666666666665,0.7083333333333334,0.5,6.785170046020399,6.814670522358276,6.677000538677742,6.706501483917236,50089500.0,0.0,0.0,5054,3503,8,2060,638,788,1491
2020-09-01,27.958333333333332,0.0,2.75,0.7916666666666666,0.7916666666666666,6.657332925567507,6.755668621215899,6.60816484329252,6.716334342956543,48189900.0,0.0,0.0,4787,3306,3,1850,587,775,1487
2020-09-02,24.125,0.0,1.4166666666666667,0.0,0.0,6.696667259445906,6.854004373790093,6.657332980859859,6.83433723449707,59008900.0,0.0,0.0,5114,3241,8,1784,589,608,1590
2020-09-03,25.708333333333332,0.0,0.0,1.8333333333333333,0.0,6.804837186546189,6.972008115466219,6.647500062339865,6.706501483917236,78130900.0,0.0,0.0,4781,3229,9,1457,641,644,1338
2020-09-04,21.416666666666668,0.0,0.0,1.5833333333333333,0.875,6.745835322966121,6.834337215082522,6.6376658227109795,6.78516960144043,70017500.0,0.0,0.0,4782,3622,4,1570,608,647,1431
2020-09-05,21.0,0.0,1.0416666666666667,0.0,1.0833333333333333,,,,,,,,4870,3665,1,1517,644,730,1724
2020-09-06,23.541666666666668,0.75,0.0,2.25,0.0,,,,,,,,6746,4161,7,1520,685,659,1769
2020-09-07,16.041666666666668,0.7083333333333334,1.5833333333333333,0.0,0.0,,,,,,,,5185,3748,8,1634,587,713,1616
2020-09-08,21.958333333333332,1.1666666666666667,0.75,2.4166666666666665,1.5,6.716334442579006,7.050676281644368,6.696667303157607,6.91300630569458,84749300.0,0.0,0.0,5262,3438,2,1590,627,592,1446
2020-09-09,33.375,0.0,4.041666666666667,1.375,0.0,6.95234054858725,6.981841023116007,6.814670104447756,6.854004383087158,56501400.0,0.0,0.0,5199,3402,4,1444,575,522,1400
2020-09-10,26.0,0.0,0.9166666666666666,0.0,0.0,6.873671494273716,6.922839576822523,6.755668658838483,6.7950029373168945,69228600.0,0.0,0.0,5518,3528,7,1426,686,574,1593
2020-09-11,26.625,0.0,1.0833333333333333,0.7083333333333334,0.0,6.824503926278567,6.883505344390869,6.736001564659318,6.883505344390869,55080600.0,0.0,0.0,5627,3711,5,1470,651,630,1734
2020-09-12,23.833333333333332,0.0,2.2916666666666665,1.2083333333333333,0.0,,,,,,,,5604,3782,7,1555,629,648,1959
2020-09-13,27.0,0.0,1.9166666666666667,0.7916666666666666,0.0,,,,,,,,7241,4100,8,1548,705,766,2144
2020-09-14,27.125,0.0,1.125,1.6666666666666667,0.0,6.893339202988373,7.060509654509844,6.863838259248353,7.0015082359313965,58704300.0,0.0,0.0,5326,3633,4,1742,701,641,1877
2020-09-15,21.875,0.0,0.6666666666666666,0.75,0.0,7.0408419931448885,7.060509131213388,6.883504888596887,6.922839164733887,65198500.0,0.0,0.0,5696,3565,3,1811,621,586,1480
2020-09-16,25.25,0.0,0.5,0.0,0.0,6.932673436527303,7.001508189966124,6.873671549434612,6.903172492980957,46245800.0,0.0,0.0,5052,3452,10,1470,590,549,1444
2020-09-17,23.75,0.0,1.9583333333333333,0.0,0.875,6.922839755621772,7.217847320730731,6.863838336380299,7.158845901489258,84850100.0,0.0,0.0,5280,3233,8,1453,640,678,1475
2020-09-18,14.666666666666666,0.0,0.4166666666666667,1.6666666666666667,0.0,7.188345868182208,7.276848225234886,7.09984351112953,7.109677314758301,71929400.0,0.0,0.0,5094,3324,6,1415,585,718,1377
2020-09-19,18.75,0.0,0.5416666666666666,0.0,0.0,,,,,,,,5049,3548,1,1376,598,761,2125
2020-09-20,26.0,0.0,1.3333333333333333,1.625,0.0,,,,,,,,5619,3689,6,1571,585,837,2289
2020-09-21,23.625,0.0,1.25,1.4166666666666667,0.0,6.972008132177743,6.972008132177743,6.696667695255082,6.755669116973877,72850300.0,0.0,0.0,5108,3540,6,1609,570,654,1567
2020-09-22,25.958333333333332,0.0,1.125,0.4166666666666667,0.0,6.775335255769567,6.873670944094656,6.65733242977946,6.667166233062744,55865500.0,0.0,0.0,4991,3276,3,1492,551,632,1457
2020-09-23,24.791666666666668,0.0,0.5,1.375,0.0,6.696667107582614,6.814669940664751,6.519662857959407,6.529496192932129,52588600.0,0.0,0.0,5104,3320,6,1434,515,639,1402
2020-09-24,18.083333333333332,0.0,1.2916666666666667,1.0833333333333333,0.0,6.490161924893372,6.647499504805201,6.30332387111791,6.549163341522217,59822900.0,0.0,0.0,5145,3359,9,1489,539,774,1392
2020-09-25,20.0,0.0,0.0,0.0,0.0,6.499995658838392,6.5983313521616465,6.391826161732025,6.401659965515137,53761800.0,0.0,0.0,4923,3372,5,1527,558,725,1388
2020-09-26,18.125,0.0,2.5416666666666665,0.75,0.0,,,,,,,,4912,3455,6,1544,536,778,1500
2020-09-27,21.083333333333332,1.125,1.7916666666666667,0.0,0.0,,,,,,,,5507,3669,7,1624,532,787,1634
2020-09-28,25.958333333333332,0.0,2.4583333333333335,0.0,0.5833333333333334,6.480328608167414,6.65733285855274,6.470494804250773,6.578664302825928,47582600.0,0.0,0.0,5577,3348,6,1641,549,645,1405
2020-09-29,24.333333333333332,0.0,1.5833333333333333,0.4583333333333333,0.0,6.578664254748625,6.5884975896918245,6.431160479388031,6.490161895751953,38987300.0,0.0,0.0,5129,3169,5,1533,535,738,1337
2020-09-30,22.916666666666668,0.6666666666666666,0.875,1.75,0.0,6.499995728782301,6.637665700916271,6.48032858990602,6.549163341522217,55944600.0,0.0,0.0,5117,3217,5,1390,574,621,1290
2020-10-01,24.708333333333332,0.0,2.7916666666666665,0.0,1.0,6.598331470561081,6.657332887613746,6.51966291449086,6.637665748596191,58340600.0,0.0,0.0,5053,3358,6,1453,507,617,1245
2020-10-02,31.0,0.0,0.0,0.0,0.75,6.509828716761942,6.81466958754549,6.490161578934021,6.775335311889648,60798400.0,0.0,0.0,4764,3457,9,1453,544,606,1330
2020-10-03,25.708333333333332,1.125,2.8333333333333335,0.0,0.0,,,,,,,,4943,3759,4,1432,559,715,1527
2020-10-04,25.833333333333332,0.0,3.5,1.25,0.0,,,,,,,,4941,3627,5,1705,555,779,1445
2020-10-05,20.625,0.0,0.0,0.0,0.0,6.834337270640545,6.932673436527303,6.834337270640545,6.903172492980957,42359400.0,0.0,0.0,4924,3487,13,1461,535,646,1315
2020-10-06,23.166666666666668,0.0,1.5,1.3333333333333333,0.0,6.942506753178185,7.1293448114003155,6.84417105645643,6.863838195800781,78203800.0,0.0,0.0,4697,3534,9,1293,524,566,1330
2020-10-07,25.583333333333332,1.0416666666666667,0.75,1.0,0.0,6.991674484622441,7.129344453114278,6.9425064042817155,7.109677314758301,50664100.0,0.0,0.0,5076,3469,4,1401,541,588,1517
2020-10-08,19.833333333333332,0.0,1.875,0.0,0.0,7.168678790729635,7.227680206298827,7.080176432925062,7.227680206298828,54513300.0,0.0,0.0,5072,3360,7,1519,543,534,1484
2020-10-09,23.958333333333332,0.0,0.9166666666666666,0.0,0.5416666666666666,7.237514442984258,7.31618300178274,7.109677800485927,7.129344940185547,50977900.0,0.0,0.0,5144,3382,9,1814,538,524,1620
2020-10-10,20.333333333333332,0.0,2.875,0.0,0.0,,,,,,,,4753,3712,8,1705,568,551,1731
2020-10-11,18.25,0.0,0.8333333333333334,0.0,0.7083333333333334,,,,,,,,5214,3900,3,1761,580,640,1653
2020-10-12,21.791666666666668,0.0,1.0416666666666667,0.5,0.9583333333333334,7.237514172188284,7.739026450215016,7.208013229291851,7.542355060577393,97692900.0,0.0,0.0,5105,3717,5,1579,637,559,1570
2020-10-13,29.625,0.0,3.125,0.5,0.6666666666666666,7.689859365432309,7.748860786376093,7.503021297992853,7.630857944488525,74562600.0,0.0,0.0,5131,3563,5,1968,543,498,1413
2020-10-14,21.791666666666668,0.7916666666666666,0.9166666666666666,1.5833333333333333,0.0,7.601356428319741,7.621023567156339,7.424352178790355,7.444019317626953,57752100.0,0.0,0.0,5107,3402,7,2212,528,455,1425
2020-10-15,23.208333333333332,0.0,1.5833333333333333,0.9583333333333334,0.625,7.296516026103517,7.493187427520751,7.247347941298404,7.493187427520752,49336200.0,0.0,0.0,4892,3386,8,2120,560,461,1676
2020-10-16,20.25,0.0,0.8333333333333334,0.0,1.0833333333333333,7.581689338504916,7.621023616432442,7.483353643686105,7.542355060577393,47509400.0,0.0,0.0,4943,3300,6,2484,523,466,1479
2020-10-17,22.791666666666668,0.0,3.625,0.7916666666666666,0.75,,,,,,,,5155,3549,4,2202,694,571,1691
2020-10-18,21.25,0.0,1.4166666666666667,0.0,0.0,,,,,,,,5828,3758,8,2408,717,669,1592
2020-10-19,23.25,0.0,0.7916666666666666,1.0416666666666667,0.0,7.552188356646599,7.591522634371198,7.4440193273547415,7.463686466217041,38960700.0,0.0,0.0,5471,3819,5,2160,937,568,1534
2020-10-20,23.375,0.625,0.75,1.7916666666666667,0.0,7.493187007980704,7.719359341398044,7.453852729899564,7.611189842224121,63447000.0,0.0,0.0,5368,3244,6,2056,981,580,1523
2020-10-21,14.166666666666666,1.0416666666666667,0.75,0.0,1.375,7.640690841150211,7.748860341115717,7.601356562781224,7.719359397888184,51981100.0,0.0,0.0,5351,3373,7,2161,752,596,1486
2020-10-22,14.75,0.0,0.0,0.5416666666666666,1.0416666666666667,7.798028586392564,8.083202831023819,7.758694304836864,8.073369026184082,74008500.0,0.0,0.0,5306,3350,3,2024,678,622,1459
2020-10-23,16.458333333333332,0.0,0.75,0.0,0.6666666666666666,8.161870885215487,8.211038968545129,7.955365685473538,8.024200439453125,62249000.0,0.0,0.0,4814,3271,7,1782,610,702,1561
2020-10-24,16.75,0.0,0.6666666666666666,0.75,0.0,,,,,,,,5013,3563,8,2029,596,897,2195
2020-10-25,27.041666666666668,1.0833333333333333,0.75,2.0,0.0,,,,,,,,6525,3850,5,2120,607,837,2044
2020-10-26,21.583333333333332,0.0,0.0,0.7916666666666666,0.0,7.906197539347434,7.935698013989631,7.807861842370792,7.896363735198975,62131000.0,0.0,0.0,5623,3642,13,1946,620,659,1601
2020-10-27,26.0,0.0,1.6666666666666667,2.1666666666666665,1.25,7.876697499828029,7.955366061755134,7.768527992727452,7.7881951332092285,64154500.0,0.0,0.0,5420,3179,5,1770,521,606,1387
2020-10-28,10.791666666666666,0.0,0.75,0.0,0.0,7.552188406052984,7.748860264864181,7.50302079302637,7.571855545043945,82938300.0,0.0,0.0,7241,3480,3,1771,574,616,1433
2020-10-29,16.916666666666668,0.0,0.75,2.4166666666666665,1.0416666666666667,8.034034122162685,8.102868875101128,7.719359425196021,7.768527507781982,118999900.0,0.0,0.0,5565,3240,6,1581,547,585,1452
2020-10-30,24.125,0.0,0.0,1.2083333333333333,0.0,7.719359824818085,7.77836124563472,7.483354141551544,7.6013569831848145,79345600.0,0.0,0.0,5272,3158,7,1586,606,548,1528
2020-10-31,20.458333333333332,1.0416666666666667,3.0416666666666665,1.0,0.0,,,,,,,,4922,3198,2,1888,553,612,1748
2020-11-01,22.333333333333332,0.0,0.0,0.0,0.0,,,,,,,,6067,3411,6,1679,519,622,1685
2020-11-02,24.083333333333332,0.0,0.9166666666666666,0.0,0.9166666666666666,7.699692191839795,7.729193134811142,7.5521884147862215,7.581689357757568,59962900.0,0.0,0.0,5513,3472,12,1770,552,571,1594
2020-11-03,23.583333333333332,0.0,0.625,2.7083333333333335,0.0,7.630857523809663,7.798027972817031,7.601356580513312,7.7488603591918945,65108800.0,0.0,0.0,5954,3302,5,1418,561,492,1534
2020-11-04,17.375,0.0,1.875,0.4583333333333333,1.0,7.729192605678507,7.7390259400613886,7.503020288053641,7.512853622436523,67326800.0,0.0,0.0,4875,2722,4,1247,591,423,1138
2020-11-05,13.291666666666666,0.0,2.0416666666666665,1.4583333333333333,0.6666666666666666,7.630857569952678,7.857029438018799,7.58168948712864,7.857029438018799,61442600.0,0.0,0.0,5168,3101,6,1277,662,488,1485
2020-11-06,21.166666666666668,0.0,0.5833333333333334,1.5833333333333333,0.0,7.876696460948358,7.886530264343046,7.621023199505117,7.660357475280762,50912100.0,0.0,0.0,4893,3303,5,1651,593,499,1475
2020-11-07,17.833333333333332,0.0,0.75,0.0,0.0,,,,,,,,5541,3504,10,1878,564,591,1611
2020-11-08,18.791666666666668,0.0,0.75,0.75,0.0,,,,,,,,5955,3421,5,2148,539,570,1753
2020-11-09,17.458333333333332,0.0,0.625,1.625,0.0,7.975031430795032,8.240538487286887,7.945530959341408,8.063533782958984,110511300.0,0.0,0.0,5779,3249,10,2015,517,528,1662
2020-11-10,24.458333333333332,0.0,0.0,0.0,0.9166666666666666,8.093035298870603,8.447044753213595,8.043868152703586,8.24053955078125,87468400.0,0.0,0.0,5197,3180,5,1944,579,618,1490
2020-11-11,19.0,0.0,1.0,0.9166666666666666,0.0,8.456878038511544,8.456878038511544,8.152036686848977,8.191370964050293,75644400.0,0.0,0.0,5701,3179,2,2099,647,657,1567
2020-11-12,15.916666666666666,0.0,0.0,0.0,1.0,8.122537112579518,8.152037589295482,7.965199986356721,8.073369026184082,81064900.0,0.0,0.0,5340,3562,5,2009,578,704,1461
2020-11-13,33.416666666666664,0.0,1.0,0.6666666666666666,0.9583333333333334,8.093035366578803,8.42737721500961,8.093035366578803,8.397876739501953,79475100.0,0.0,0.0,5069,2981,8,2093,540,694,1396
2020-11-14,28.166666666666668,0.0,3.4583333333333335,2.75,0.0,,,,,,,,4729,3155,8,2381,584,825,1525
2020-11-15,19.083333333333332,0.0,0.0,1.9583333333333333,0.0,,,,,,,,5709,3277,9,2590,594,858,1764
2020-11-16,21.166666666666668,0.0,0.0,0.0,0.0,8.594547311201824,8.702717273980511,8.466710679247178,8.653549194335938,84853900.0,0.0,0.0,5131,3120,5,1919,706,873,1470
2020-11-17,26.875,0.0,1.25,2.7916666666666665,1.0416666666666667,8.515879200886202,8.702717725672326,8.48637872668956,8.604381561279297,46754500.0,0.0,0.0,5315,3230,8,1961,555,731,1281
2020-11-18,9.875,0.0,0.0,0.875,0.4166666666666667,8.673215866088867,8.899388657399863,8.633881589922145,8.673215866088867,77759300.0,0.0,0.0,5437,3036,4,1954,591,684,1370
2020-11-19,13.875,0.0,1.0,0.375,0.375,8.732217749240512,8.732217749240512,8.594547313755422,8.673215866088867,56672700.0,0.0,0.0,5448,2985,3,1956,645,742,1424
2020-11-20,18.958333333333332,0.0,0.0,0.0,0.0,8.663383919348528,8.673216786080868,8.535547273795913,8.594548225402832,57024300.0,0.0,0.0,4973,2972,8,2056,583,805,1395
2020-11-21,15.208333333333334,0.0,1.6666666666666667,0.625,0.5416666666666666,,,,,,,,5083,3292,8,2096,678,1036,1655
2020-11-22,10.333333333333334,0.0,0.0,0.0,0.0,,,,,,,,5259,3311,6,2489,1688,1097,1635
2020-11-23,14.083333333333334,0.0,0.5833333333333334,0.5833333333333334,0.0,8.673215887007453,8.830552992053818,8.633881610745862,8.712550163269043,71537100.0,0.0,0.0,5175,3113,5,2074,3156,932,1522
2020-11-24,18.375,0.0,0.5833333333333334,0.4166666666666667,0.4166666666666667,8.997724672595234,9.34190032276578,8.987891806038544,9.292732238769531,99520500.0,0.0,0.0,5104,3003,10,1832,1279,865,1360
2020-11-25,15.875,0.0,0.5416666666666666,0.5,0.5416666666666666,9.04689210500733,9.096060185462347,8.850220720990393,8.928889274597168,95217800.0,0.0,0.0,4984,3093,5,1878,997,899,1359
2020-11-26,12.291666666666666,0.0,0.0,0.75,0.0,,,,,,,,5256,3241,8,2174,847,905,1530
2020-11-27,25.291666666666668,0.0,1.4166666666666667,3.3333333333333335,0.8333333333333334,8.968224038903319,8.987891647275688,8.879721676834023,8.93872356414795,27853900.0,0.0,0.0,5168,3192,1,2041,681,874,2062
2020-11-28,17.5,0.0,0.5833333333333334,0.625,0.0,,,,,,,,4976,3111,5,2144,782,1093,1723
2020-11-29,19.458333333333332,0.0,0.5833333333333334,0.625,0.0,,,,,,,,5627,3337,11,2427,696,1239,1880
2020-11-30,17.041666666666668,0.0,0.7916666666666666,1.3333333333333333,0.0,9.076392578159087,9.076392578159087,8.830553113687133,8.928889274597168,77970100.0,0.0,0.0,5513,3069,6,1931,617,780,1540
2020-12-01,24.833333333333332,0.0,2.5416666666666665,0.75,0.6666666666666666,9.00755885442281,9.24356454213094,9.00755885442281,9.086227416992188,68863000.0,0.0,0.0,5218,3115,3,1739,576,777,1525
2020-12-02,24.041666666666668,0.0,0.8333333333333334,0.7083333333333334,0.0,9.007557889068524,9.086226443206867,8.928889334930181,9.046892166137695,48345000.0,0.0,0.0,4922,2933,8,1790,572,764,1550
2020-12-03,22.416666666666668,0.0,1.375,0.75,0.9583333333333334,9.105893580261542,9.16489452391593,8.997723620556682,9.05672550201416,50302100.0,0.0,0.0,5128,2999,3,1766,582,781,1555
2020-12-04,24.958333333333332,0.0,2.5,0.0,0.0,9.10589318279045,9.282896943830508,9.086225577228747,9.184561729431152,48775500.0,0.0,0.0,4918,2880,7,2008,584,846,1462
2020-12-05,28.333333333333332,0.0,1.1666666666666667,0.0,0.0,,,,,,,,5012,3558,6,2193,619,1082,1537
2020-12-06,21.083333333333332,0.0,0.7916666666666666,0.0,0.0,,,,,,,,5459,3258,4,1944,627,1268,1836
2020-12-07,34.375,0.0,0.75,2.125,0.0,9.155063112580498,9.174729784321196,8.997725049638715,9.066560745239258,58305200.0,0.0,0.0,5247,3166,5,2446,563,831,1458
2020-12-08,32.916666666666664,0.0,0.9583333333333334,0.0,0.0,9.037058865081507,9.174729311382722,9.017392194354585,9.096060752868652,56296700.0,0.0,0.0,5093,3047,4,2305,613,919,1392
2020-12-09,29.0,1.0,1.0833333333333333,0.0,0.7083333333333334,9.155062728943872,9.33206651840589,9.135395120224093,9.292732238769531,60780300.0,0.0,0.0,5194,2893,9,1971,588,852,1315
2020-12-10,24.708333333333332,0.0,0.0,1.875,0.9583333333333334,9.1550620903703,9.16489495624114,8.94855690223253,8.968223571777344,83372800.0,0.0,0.0,4742,2779,5,1686,659,772,1303
2020-12-11,19.791666666666668,0.75,0.0,1.0416666666666667,0.0,9.03705924994774,9.03705924994774,8.860055454654525,8.869889259338379,73438200.0,0.0,0.0,4695,2895,5,1504,676,867,1474
2020-12-12,27.0,0.0,1.2083333333333333,0.0,0.0,,,,,,,,4714,2809,3,1449,597,1077,1415
2020-12-13,24.75,0.0,3.6666666666666665,1.75,0.7916666666666666,,,,,,,,5322,3767,13,1652,564,1344,1397
2020-12-14,24.375,0.0,1.9583333333333333,0.0,0.0,8.978056773635831,9.02722485090674,8.732217325084369,8.761717796325684,76826000.0,0.0,0.0,5084,3281,7,1487,573,984,1364
2020-12-15,22.25,0.0,0.8333333333333334,1.5,0.7916666666666666,8.879721696001669,8.997724533081055,8.791219333741333,8.997724533081055,69606100.0,0.0,0.0,4943,3228,2,1496,582,884,1371
2020-12-16,20.166666666666668,0.0,0.0,0.0,0.0,9.017391611185756,9.027225414814845,8.820720227619631,8.889554977416992,55274500.0,0.0,0.0,4911,3122,6,1458,629,911,1277
2020-12-17,18.791666666666668,0.0,1.5,0.0,1.5833333333333333,8.938723078248797,8.978057355052185,8.850220720990393,8.928889274597168,49301600.0,0.0,0.0,4642,2873,2,1381,580,815,1454
2020-12-18,19.0,0.0,0.5833333333333334,2.2916666666666665,0.0,8.938723491254539,8.938723491254539,8.761718768559383,8.801053047180176,78764600.0,0.0,0.0,4390,2843,3,1362,579,811,1232
2020-12-19,14.916666666666666,0.0,0.875,0.0,0.0,,,,,,,,4327,3260,10,1463,630,1095,1396
2020-12-20,15.875,0.0,0.0,1.0,0.0,,,,,,,,4979,3140,1,1695,640,1181,1482
2020-12-21,23.791666666666668,0.0,0.0,0.5,0.0,8.722383541336894,8.860053970438928,8.643714992650898,8.78138542175293,63908100.0,0.0,0.0,4680,2995,5,1547,537,962,1504
2020-12-22,17.541666666666668,0.0,1.5833333333333333,0.5416666666666666,0.0,8.83055344585277,8.840387249874302,8.604381580176508,8.643715858459473,59031200.0,0.0,0.0,4456,3056,8,1353,645,933,1462
2020-12-23,23.291666666666668,0.0,0.0,2.9583333333333335,0.0,8.673216425420232,8.879721623063721,8.653549754970136,8.840387344360352,54086700.0,0.0,0.0,4277,3044,8,1469,652,1000,1462
2020-12-24,14.75,0.0,0.0,0.9583333333333334,1.0,8.860054402602351,8.86988820611853,8.653549217778217,8.712550163269043,27927000.0,0.0,0.0,4053,2948,4,1403,557,927,1388
2020-12-25,17.791666666666668,0.0,1.25,0.0,0.0,,,,,,,,4045,2890,7,1387,552,752,1744
2020-12-26,17.708333333333332,0.0,0.0,1.7916666666666667,0.0,,,,,,,,4432,3418,4,1513,608,914,1678
2020-12-27,12.125,0.0,0.0,0.8333333333333334,0.0,,,,,,,,5155,3669,4,1645,641,1156,1930
2020-12-28,18.833333333333332,0.0,1.5416666666666667,0.7083333333333334,1.2083333333333333,8.771552552694706,8.830553501589977,8.712550665996261,8.74205207824707,38068400.0,0.0,0.0,5109,3195,6,1484,613,1044,1561
2020-12-29,15.791666666666666,0.0,0.0,0.625,0.0,8.781385828899694,8.781385828899694,8.633881589922145,8.673215866088867,37537900.0,0.0,0.0,4868,3275,10,1520,1068,1001,1649
2020-12-30,12.458333333333334,0.0,0.0,0.0,0.7083333333333334,8.68304969052363,8.771552046562991,8.663383021294395,8.712550163269043,38461900.0,0.0,0.0,5977,3133,10,1613,913,1016,1563
2020-12-31,15.5,0.0,0.0,0.625,0.0,,,,,,,,4150,3001,6,1639,708,822,1497
