date,UBS_x,UBS Financial Services Inc.,UBS Investment Bank,UBS Global Wealth Management,UBS Asset Management,Open,High,Low,Close,Volume,Dividends,Stock Splits,UBS_y,Union Bank of Switzerland,UBS tax evasion controversies,Banking in Switzerland
2021-01-01,3.391304347826087,0.0,0.0,0.0,0.0,,,,,,,,1044,69,22,365
2021-01-02,3.0,0.0,0.0,0.0,0.0,,,,,,,,1085,111,17,392
2021-01-03,3.9583333333333335,0.0,0.0,0.0,0.0,,,,,,,,1311,91,11,397
2021-01-04,6.666666666666667,0.0,0.0,0.0,0.0,13.726173142757371,13.741382910033039,13.469520784773664,13.583588600158691,4974100.0,0.0,0.0,1521,107,30,385
2021-01-05,0.0,0.0,0.0,0.0,0.0,13.754690087405477,13.96381395186926,13.735678332528568,13.887768745422363,3584400.0,0.0,0.0,1460,98,28,356
2021-01-06,9.0,0.0,0.0,0.0,0.0,14.201455773350858,14.496131634967837,14.144422320476854,14.353547096252441,5241300.0,0.0,0.0,1389,92,18,365
2021-01-07,5.583333333333333,0.0,0.0,0.0,0.0,14.638715709457406,14.838334601246842,14.600693106570388,14.771795272827148,4618000.0,0.0,0.0,1370,92,29,373
2021-01-08,3.0833333333333335,0.0,0.0,0.0,0.0,14.629210899823555,14.638715870752268,14.391569402528678,14.534153938293457,2133900.0,0.0,0.0,1268,109,26,363
2021-01-09,6.833333333333333,0.0,0.0,0.0,0.0,,,,,,,,1065,81,18,355
2021-01-10,0.0,0.0,0.0,0.0,0.0,,,,,,,,1162,84,17,421
2021-01-11,5.666666666666667,0.0,0.0,0.0,0.0,14.25848970545176,14.496131200542623,14.210961225127516,14.477119445800781,2451400.0,0.0,0.0,1552,82,36,384
2021-01-12,18.125,0.0,0.0,0.0,0.0,14.477119066034154,14.610198626144998,14.422937560807998,14.600692749023438,4100300.0,0.0,0.0,1612,94,43,380
2021-01-13,6.083333333333333,0.0,0.0,0.0,0.0,14.353547396839605,14.39157000172866,14.277502187061495,14.363052368164062,2796100.0,0.0,0.0,1567,72,26,326
2021-01-14,6.583333333333333,0.0,0.0,0.0,0.0,14.429591268931274,14.553164949997482,14.41533245347083,14.486624717712402,2441800.0,0.0,0.0,1434,101,26,371
2021-01-15,3.125,0.0,0.0,0.0,0.0,14.47711992291244,14.49613167828084,14.2775019307266,14.382063865661621,1786100.0,0.0,0.0,1643,105,18,338
2021-01-16,4.166666666666667,0.0,0.0,0.0,0.0,,,,,,,,1260,57,24,352
2021-01-17,3.75,0.0,0.0,0.0,0.0,,,,,,,,1205,87,52,373
2021-01-18,17.833333333333332,0.0,0.0,0.0,0.0,,,,,,,,1402,106,30,362
2021-01-19,10.75,0.0,0.0,0.0,0.0,14.22046647646116,14.239477323835715,14.106398672622875,14.163432121276855,3521100.0,0.0,0.0,1358,87,25,349
2021-01-20,8.791666666666666,0.0,0.0,0.0,0.0,14.2870065483892,14.2870065483892,14.177691677316767,14.21096134185791,1547100.0,0.0,0.0,1306,101,26,340
2021-01-21,2.4583333333333335,0.0,0.0,0.0,0.0,14.30601861027938,14.32502945905497,14.144422316300108,14.191950798034668,2223600.0,0.0,0.0,1297,85,31,323
2021-01-22,1.375,0.0,0.0,0.0,0.0,14.115904852514628,14.210960904488022,14.06837637326276,14.144421577453613,2942200.0,0.0,0.0,1328,97,16,367
2021-01-23,1.5833333333333333,0.0,0.0,0.0,0.0,,,,,,,,959,73,20,354
2021-01-24,3.5833333333333335,0.0,0.0,0.0,0.0,,,,,,,,1024,73,33,350
2021-01-25,2.875,0.0,0.0,0.0,0.0,14.01134260512102,14.035107299009887,13.684348032065413,13.811723709106445,5256700.0,0.0,0.0,1378,84,26,371
2021-01-26,13.666666666666666,0.0,0.0,0.0,0.0,14.210961947800614,14.306018913283056,14.134916738026822,14.201456069946289,3954400.0,0.0,0.0,1826,118,33,421
2021-01-27,10.916666666666666,0.0,0.0,0.0,0.0,14.049364332511686,14.06362314795564,13.83073460155299,13.840240478515625,5011100.0,0.0,0.0,1459,107,31,337
2021-01-28,7.0,0.0,0.0,0.0,0.0,14.049365651196757,14.420086728762849,14.020848924162568,14.363052368164062,5087700.0,0.0,0.0,1511,98,35,378
2021-01-29,0.0,0.0,0.0,0.0,0.0,13.849746398377357,13.906780757532678,13.616857836009705,13.678645133972168,4469300.0,0.0,0.0,1415,99,21,344
2021-01-30,8.291666666666666,0.0,0.0,0.0,0.0,,,,,,,,1129,83,29,304
2021-01-31,0.0,0.0,0.0,0.0,0.0,,,,,,,,1071,63,29,314
2021-02-01,7.25,0.0,0.0,0.0,0.0,13.82122950656205,13.944803194476851,13.754690177119608,13.91628646850586,2134800.0,0.0,0.0,1394,105,49,339
2021-02-02,11.791666666666666,0.0,0.0,0.0,0.0,14.011342573850259,14.11305346910077,13.982825847777642,14.106399536132812,2134900.0,0.0,0.0,1416,99,36,339
2021-02-03,2.6666666666666665,0.0,0.0,0.0,0.0,14.068377108136966,14.229973402116238,14.068377108136966,14.191950798034668,2018600.0,0.0,0.0,1431,106,33,405
2021-02-04,0.0,0.0,0.0,0.0,0.0,14.096894221823245,14.277502276070006,14.096894221823245,14.229973793029785,2551700.0,0.0,0.0,1399,102,20,377
2021-02-05,11.125,0.0,0.0,0.0,0.0,14.2870068549734,14.2870068549734,14.134916438647117,14.191950798034668,2800400.0,0.0,0.0,1384,86,27,685
2021-02-06,5.125,0.0,0.0,0.0,0.0,,,,,,,,1132,85,25,467
2021-02-07,14.208333333333334,0.0,0.0,0.0,0.0,,,,,,,,1081,96,31,379
2021-02-08,5.375,0.0,0.0,0.0,0.0,14.344040711390623,14.724266738873796,14.334534834070954,14.581682205200195,7188100.0,0.0,0.0,1411,118,28,366
2021-02-09,5.25,0.0,0.0,0.0,2.9583333333333335,14.553165479771547,14.610198930628844,14.477119367744555,14.581682205200195,3140700.0,0.0,0.0,1300,109,37,351
2021-02-10,4.166666666666667,0.0,0.0,0.0,0.0,14.743278673527191,14.762289521868292,14.557917689651841,14.66723346710205,3233900.0,0.0,0.0,1349,110,35,329
2021-02-11,6.833333333333333,0.0,0.0,0.0,0.0,14.581682768095494,14.600693616938347,14.439097322387324,14.543660163879395,1709300.0,0.0,0.0,1428,94,63,357
2021-02-12,0.0,0.0,0.0,0.0,0.0,14.53415381246498,14.657727498772129,14.524647935088193,14.638715744018555,1279500.0,0.0,0.0,1303,103,30,287
2021-02-13,9.166666666666666,0.0,0.0,0.0,0.0,,,,,,,,1019,91,23,291
2021-02-14,7.083333333333333,0.0,0.0,0.0,0.0,,,,,,,,1040,91,20,319
2021-02-15,1.9166666666666667,0.0,0.0,0.0,0.0,,,,,,,,1304,82,30,327
2021-02-16,0.0,0.0,0.0,0.0,0.0,14.904875108908133,15.123504852876119,14.904875108908133,15.075976371765137,2377500.0,0.0,0.0,1366,91,30,350
2021-02-17,4.625,0.0,0.0,0.0,0.0,14.904875623425465,14.919133533679679,14.719514631347002,14.847841262817383,2395200.0,0.0,0.0,1414,104,32,370
2021-02-18,10.416666666666666,0.0,0.0,0.0,0.0,14.714760905849419,14.74803147656841,14.505637043369335,14.610198974609375,1759100.0,0.0,0.0,1435,116,27,376
2021-02-19,4.791666666666667,0.0,0.0,0.0,0.0,14.800312303695419,14.857346662467764,14.733772973902997,14.752784729003906,1788500.0,0.0,0.0,1314,91,30,377
2021-02-20,9.041666666666666,0.0,0.0,0.0,0.0,,,,,,,,1036,95,27,315
2021-02-21,2.5,0.0,0.0,0.0,0.0,,,,,,,,1090,124,22,358
2021-02-22,0.0,0.0,0.0,0.0,0.0,14.76228910418437,15.061717889225397,14.733772379214388,14.952402114868164,2060900.0,0.0,0.0,1439,81,83,349
2021-02-23,2.2083333333333335,0.0,0.0,0.0,0.0,14.828830066128184,14.914380245239867,14.638716139576745,14.838335037231445,2423900.0,0.0,0.0,1407,105,39,367
2021-02-24,6.333333333333333,0.0,0.0,0.0,0.0,14.980920834757109,15.218562342009486,14.961909079042323,15.17103385925293,1917400.0,0.0,0.0,1433,117,32,398
2021-02-25,3.4583333333333335,0.0,0.0,0.0,0.0,15.29460693396251,15.399169773109067,14.971414352110195,15.018942832946777,3023700.0,0.0,0.0,1360,85,37,366
2021-02-26,8.291666666666666,0.0,0.0,0.0,0.0,14.952402718381169,14.957155657156397,14.733772973902997,14.752784729003906,3099400.0,0.0,0.0,1324,81,25,326
2021-02-27,6.583333333333333,0.0,0.0,0.0,0.0,,,,,,,,1107,86,23,353
2021-02-28,6.791666666666667,0.0,0.0,0.0,0.0,,,,,,,,1733,86,21,422
2021-03-01,5.125,0.0,0.0,0.0,0.0,14.933392094657691,15.075976633939836,14.933392094657691,15.028449058532715,2231700.0,0.0,0.0,1365,78,34,387
2021-03-02,7.416666666666667,0.0,0.0,0.0,0.0,15.142516827805455,15.237573791407666,15.104494223670649,15.190044403076172,3143800.0,0.0,0.0,1503,87,38,354
2021-03-03,7.583333333333333,0.0,0.0,0.0,0.0,14.9333923512407,15.180539736337893,14.91438059552688,15.009437561035156,4043900.0,0.0,0.0,1495,92,41,357
2021-03-04,0.0,0.0,0.0,0.0,0.0,14.866852268409641,14.942897474363216,14.450503723303903,14.638715744018555,4839000.0,0.0,0.0,1332,98,28,407
2021-03-05,1.875,0.0,0.0,0.0,0.0,14.857346534729004,14.895369138073535,14.58643537258292,14.857346534729004,3885800.0,0.0,0.0,1569,110,38,366
2021-03-06,2.5833333333333335,0.0,0.0,0.0,0.0,,,,,,,,1113,70,24,308
2021-03-07,4.166666666666667,0.0,0.0,0.0,0.0,,,,,,,,1194,111,27,386
2021-03-08,9.0,0.0,0.0,1.8333333333333333,0.0,14.990425884565749,15.056014262485776,14.895368924303439,14.904874801635742,4143800.0,0.0,0.0,1425,120,31,391
2021-03-09,3.4583333333333335,0.0,0.0,0.0,0.0,14.781301888621662,14.942898185597063,14.667234074262039,14.819324493408203,5048200.0,0.0,0.0,1395,98,36,319
2021-03-10,4.75,0.0,0.0,0.0,0.0,14.914380030097385,14.952402633553113,14.72521796318055,14.885863304138184,2277600.0,0.0,0.0,1513,107,29,431
2021-03-11,10.541666666666666,0.0,0.0,0.0,0.0,14.638715834794848,14.72901985737359,14.572176505805443,14.66723346710205,3931900.0,0.0,0.0,1555,103,30,382
2021-03-12,14.25,0.0,0.0,0.0,2.0833333333333335,14.72426756949284,14.853545151354155,14.657728237562285,14.68624496459961,2526800.0,0.0,0.0,1337,108,35,430
2021-03-13,3.5,0.0,0.0,0.0,0.0,,,,,,,,1274,95,34,307
2021-03-14,7.291666666666667,0.0,0.0,0.0,0.0,,,,,,,,1260,88,28,345
2021-03-15,15.916666666666666,0.0,0.0,0.0,0.0,14.610199018418555,14.652974560083736,14.429591880911406,14.638715744018555,2870400.0,0.0,0.0,1601,97,22,346
2021-03-16,8.125,0.0,0.0,0.0,0.0,14.819323708965692,14.82407664762872,14.61970481777033,14.743278503417969,2278100.0,0.0,0.0,1690,102,22,356
2021-03-17,4.708333333333333,0.0,0.0,0.0,0.0,14.743278003458856,14.985672427871275,14.714760372447754,14.971413612365723,2920300.0,0.0,0.0,1611,103,33,345
2021-03-18,6.583333333333333,0.0,0.0,0.0,0.0,15.237573275415688,15.498978556674182,15.180538917879646,15.228067398071289,4567800.0,0.0,0.0,1715,91,25,367
2021-03-19,0.0,0.0,0.0,0.0,0.0,15.11399902841655,15.256583565719763,14.971414491113338,15.237573623657227,4903000.0,0.0,0.0,1618,110,19,388
2021-03-20,5.583333333333333,0.0,0.0,0.0,0.0,,,,,,,,1275,69,13,338
2021-03-21,6.708333333333333,0.0,0.0,0.0,0.0,,,,,,,,1178,84,23,324
2021-03-22,3.0833333333333335,0.0,0.0,0.0,0.0,15.171033818011017,15.332629208495367,15.09023566950364,15.304113388061523,4628000.0,0.0,0.0,1763,103,27,346
2021-03-23,11.75,0.0,0.0,0.0,0.0,15.142516340319153,15.190043914059803,14.90487484549446,14.933391571044922,3362200.0,0.0,0.0,1690,127,41,358
2021-03-24,6.291666666666667,0.0,0.0,0.0,0.0,14.971414609069976,15.190044355528158,14.966661670251705,14.999931335449219,2277200.0,0.0,0.0,1669,115,39,363
2021-03-25,2.0,0.0,0.0,0.0,0.0,15.047458754695652,15.313617870544741,14.938143889184593,15.266088485717773,2977200.0,0.0,0.0,1547,123,39,384
2021-03-26,8.666666666666666,0.0,0.0,0.0,0.0,15.28510059124437,15.389663427208266,15.194796571056557,15.247078895568848,3629000.0,0.0,0.0,1400,100,32,296
2021-03-27,1.75,0.0,0.0,0.0,0.0,,,,,,,,1073,88,33,396
2021-03-28,0.0,0.0,0.0,0.0,0.0,,,,,,,,1153,78,30,342
2021-03-29,8.333333333333334,0.0,0.0,0.0,0.0,14.743279283835122,14.890616764066667,14.671987013176658,14.819324493408203,3544500.0,0.0,0.0,1635,126,24,428
2021-03-30,5.625,0.0,0.0,0.0,0.0,14.76228952976446,14.866852368552733,14.74327868141319,14.828829765319824,2480600.0,0.0,0.0,1665,158,32,403
2021-03-31,4.791666666666667,0.0,0.0,0.0,0.0,14.809817526361412,14.866851882611721,14.733772322381226,14.762289047241211,2795900.0,0.0,0.0,1638,109,25,698
2021-04-01,2.0416666666666665,0.0,0.0,0.0,0.0,14.952402384853237,15.10924664134603,14.91437978202993,15.066471099853516,3430600.0,0.0,0.0,1713,98,30,351
2021-04-02,1.7083333333333333,0.0,0.0,0.0,0.0,,,,,,,,1291,82,23,449
2021-04-03,2.3333333333333335,0.0,0.0,0.0,0.0,,,,,,,,1119,95,22,296
2021-04-04,0.0,0.0,0.0,0.0,0.0,,,,,,,,1158,92,25,339
2021-04-05,1.875,0.0,0.0,0.0,0.0,15.199549418231593,15.304112253566599,15.17103269338129,15.218561172485352,1741500.0,0.0,0.0,1444,123,59,369
2021-04-06,7.083333333333333,0.0,0.0,0.0,0.0,15.31361788635435,15.437190660910753,15.299358164361214,15.427684783935547,3241500.0,0.0,0.0,2068,141,44,472
2021-04-07,4.291666666666667,0.0,0.0,0.0,0.0,15.313618487314594,15.418179512023924,15.256583223225086,15.418179512023926,2583500.0,0.0,0.0,1627,108,33,403
2021-04-08,7.083333333333333,0.0,0.0,0.0,0.0,15.247079162156624,15.427685392629378,15.171033049884915,15.389663696289062,1756600.0,0.0,0.0,1639,100,54,335
2021-04-09,4.791666666666667,0.0,0.0,0.0,0.0,15.285101204153076,15.399169921875002,15.275595326587853,15.399169921875,1298800.0,0.0,0.0,1400,90,112,318
2021-04-10,6.083333333333333,0.0,0.0,0.0,0.0,,,,,,,,1176,88,25,323
2021-04-11,6.166666666666667,0.0,0.0,0.0,0.0,,,,,,,,1178,82,27,299
2021-04-12,5.708333333333333,0.0,0.0,0.0,0.0,15.294606991777663,15.399169831319476,15.26608935924969,15.370652198791504,2213300.0,0.0,0.0,1389,104,27,366
2021-04-13,5.125,0.0,0.0,0.0,0.0,15.244184675076033,15.244184675076033,15.103124448824728,15.21500015258789,2138500.0,0.37,0.0,1483,91,28,333
2021-04-14,8.541666666666666,0.0,0.0,0.0,3.5,15.273369271442665,15.477662785366336,15.253913232276206,15.360923767089844,1447600.0,0.0,0.0,1494,99,20,393
2021-04-15,6.625,0.0,0.0,0.0,0.0,15.477662369902173,15.477662369902173,15.322010349711658,15.429020881652832,2417900.0,0.0,0.0,1489,81,30,391
2021-04-16,7.416666666666667,0.0,0.0,0.0,0.0,15.526304343858428,15.72086937518312,15.50198406285256,15.672228813171387,2182400.0,0.0,0.0,1391,94,30,372
2021-04-17,0.0,0.0,0.0,0.0,0.0,,,,,,,,1194,52,28,364
2021-04-18,4.416666666666667,0.0,0.0,0.0,0.0,,,,,,,,1452,106,35,387
2021-04-19,3.4166666666666665,0.0,0.0,0.0,0.0,15.594402805413766,15.65277185094941,15.487391342333,15.506847381591797,3051700.0,0.0,0.0,1448,101,20,397
2021-04-20,1.3333333333333333,0.0,0.0,0.0,0.0,15.3609231190335,15.3609231190335,15.054483324955891,15.14690113067627,2350800.0,0.0,0.0,1437,80,29,370
2021-04-21,10.541666666666666,0.0,0.0,0.0,0.0,14.78695623936619,15.039891242980955,14.738314749785006,15.039891242980957,4031300.0,0.0,0.0,1389,87,23,359
2021-04-22,5.166666666666667,0.0,0.0,0.0,0.0,14.825868890148797,14.884238861799119,14.69940139137245,14.777227401733398,4225200.0,0.0,0.0,1446,107,25,385
2021-04-23,0.0,0.0,0.0,0.0,0.0,14.718858510290463,14.981521066039338,14.665352779703426,14.913423538208008,2317300.0,0.0,0.0,1285,94,40,387
2021-04-24,0.0,0.0,0.0,0.0,0.0,,,,,,,,1128,87,13,289
2021-04-25,0.0,0.0,0.0,0.0,0.0,,,,,,,,1123,91,18,325
2021-04-26,9.666666666666666,0.0,0.0,0.0,0.0,14.99124926473569,15.1031240376942,14.947472018315537,14.962064743041992,3065600.0,0.0,0.0,1802,91,26,383
2021-04-27,13.333333333333334,0.0,0.0,0.0,0.0,14.68967368251588,14.845325701612547,14.6021191898342,14.806412696838379,4106800.0,0.0,0.0,1784,113,41,398
2021-04-28,9.041666666666666,0.0,0.0,0.0,0.0,14.962064718686834,15.127445220947266,14.928015955473079,15.127445220947266,2947300.0,0.0,0.0,1516,82,14,340
2021-04-29,7.25,0.0,0.0,0.0,0.0,15.13717442471833,15.211108487891174,15.02529871885664,15.166358947753906,2537900.0,0.0,0.0,1495,99,27,392
2021-04-30,4.708333333333333,0.0,0.0,0.0,0.0,15.049619756817604,15.054483998561462,14.825869275396347,14.874510765075684,2560800.0,0.0,0.0,1337,73,32,406
2021-05-01,0.0,0.0,0.0,0.0,0.0,,,,,,,,1153,108,28,362
2021-05-02,4.291666666666667,0.0,0.0,0.0,0.0,,,,,,,,1206,90,26,356
2021-05-03,6.791666666666667,0.0,0.0,0.0,0.0,14.991249367969267,15.054483581126808,14.932880324179933,14.942607879638672,2381500.0,0.0,0.0,1307,115,32,414
2021-05-04,7.083333333333333,0.0,0.0,0.0,0.0,14.738314553136417,14.845326014339054,14.504836519573047,14.592391014099121,2969500.0,0.0,0.0,1416,105,74,411
2021-05-05,2.0,0.0,0.0,0.0,0.0,14.786955859188149,14.971793329292565,14.728586815398813,14.942607879638672,2835800.0,0.0,0.0,1453,86,37,409
2021-05-06,2.625,0.0,0.0,0.0,0.0,15.078804040022654,15.244184545650093,14.962065023301973,15.234456062316895,3649200.0,0.0,0.0,1431,113,20,468
2021-05-07,3.2083333333333335,0.0,0.0,0.0,0.0,15.117717196164582,15.370652198791504,15.098261157063643,15.370652198791504,2934000.0,0.0,0.0,1245,80,17,430
2021-05-08,0.0,0.0,0.0,0.0,0.0,,,,,,,,1035,73,22,403
2021-05-09,5.666666666666667,0.0,0.0,0.0,0.0,,,,,,,,1112,92,30,356
2021-05-10,15.0,0.0,0.0,0.0,0.0,15.107988954127839,15.215000418050176,14.996114176171996,15.010706901550293,3849700.0,0.0,0.0,1485,97,36,435
2021-05-11,13.25,0.0,0.0,0.0,0.0,14.72858730609498,14.830733600009024,14.587527078012629,14.69940185546875,3675000.0,0.0,0.0,1526,95,33,539
2021-05-12,12.041666666666666,0.0,3.3333333333333335,0.0,0.0,14.786956278259492,14.86478229069039,14.534021273979446,14.553478240966797,2391200.0,0.0,0.0,2217,94,23,414
2021-05-13,6.416666666666667,0.0,0.0,0.0,0.0,14.553478358913427,14.923152384835792,14.534021391768391,14.85505485534668,2219700.0,0.0,0.0,1313,99,23,390
2021-05-14,5.875,2.25,0.0,0.0,0.0,14.962065050827276,15.098261034464908,14.952336567476179,15.069075584411621,1782800.0,0.0,0.0,1373,104,98,379
2021-05-15,2.125,0.0,0.0,0.0,0.0,,,,,,,,1106,120,34,403
2021-05-16,4.375,0.0,0.0,0.0,0.0,,,,,,,,1269,99,23,420
2021-05-17,10.0,0.0,0.0,0.0,0.0,15.107988075039831,15.176086528416853,15.049619032441473,15.15662956237793,1901400.0,0.0,0.0,1390,89,29,441
2021-05-18,6.916666666666667,0.0,0.0,0.0,0.0,15.224727372682766,15.273368860930413,15.107988357543944,15.107988357543945,1433000.0,0.0,0.0,1474,113,26,408
2021-05-19,10.416666666666666,0.0,2.4583333333333335,0.0,0.0,14.981520936019987,15.156629923505685,14.864781920282597,15.098260879516602,2948000.0,0.0,0.0,1413,129,52,412
2021-05-20,11.0,0.0,0.0,0.0,2.25,15.244184031759644,15.365787286047606,15.146901057225595,15.322010040283203,2845500.0,0.0,0.0,1500,109,23,416
2021-05-21,5.208333333333333,0.0,0.0,0.0,0.0,15.409564791605927,15.477662318272316,15.370651786688104,15.438749313354492,1888000.0,0.0,0.0,1217,88,40,423
2021-05-22,0.0,0.0,0.0,0.0,0.0,,,,,,,,1296,82,18,401
2021-05-23,3.125,0.0,0.0,0.0,0.0,,,,,,,,2058,129,26,400
2021-05-24,5.083333333333333,0.0,0.0,0.0,0.0,15.46793414333761,15.574945604813493,15.39983661531422,15.545760154724121,1629300.0,0.0,0.0,1431,132,39,396
2021-05-25,5.291666666666667,0.0,0.0,0.0,0.0,15.730597575343497,15.798695103140727,15.540896789188793,15.555488586425781,2366100.0,0.0,0.0,1489,100,21,482
2021-05-26,4.916666666666667,0.0,0.0,0.0,0.0,15.360923917032803,15.521440184699737,15.292826387646606,15.497119903564453,2016700.0,0.0,0.0,1339,90,29,391
2021-05-27,17.666666666666668,0.0,0.0,0.0,0.0,15.681956576280328,15.798694661953181,15.662499610162046,15.788966178894043,3139700.0,0.0,0.0,1564,98,38,470
2021-05-28,15.583333333333334,0.0,0.0,0.0,0.0,15.915434785872133,15.973803829378705,15.832743606679255,15.925163269042969,2996200.0,0.0,0.0,1413,82,25,357
2021-05-29,0.0,0.0,0.0,0.0,0.0,,,,,,,,1104,93,23,423
2021-05-30,0.0,0.0,0.0,0.0,0.0,,,,,,,,1411,79,23,396
2021-05-31,6.333333333333333,0.0,0.0,0.0,0.0,,,,,,,,1304,108,24,447
2021-06-01,9.833333333333334,0.0,0.0,0.0,0.0,16.05162911749904,16.124591810240467,16.00298855935032,16.041900634765625,2525300.0,0.0,0.0,1619,126,24,368
2021-06-02,10.666666666666666,0.0,0.0,0.0,0.0,15.983532905578613,16.012716500655465,15.905706892842831,15.983532905578613,1851400.0,0.0,0.0,1390,100,26,377
2021-06-03,7.041666666666667,0.0,0.0,0.0,0.0,16.03217295067277,16.129455927334696,16.002989356537107,16.071086883544922,2041000.0,0.0,0.0,1363,92,27,402
2021-06-04,9.583333333333334,0.0,0.0,0.0,0.0,16.0029886612899,16.03217225415769,15.905705688854418,16.022443771362305,1422900.0,0.0,0.0,1407,95,31,378
2021-06-05,7.25,0.0,0.0,0.0,0.0,,,,,,,,1125,105,27,357
2021-06-06,2.5416666666666665,0.0,0.0,0.0,0.0,,,,,,,,1279,95,22,413
2021-06-07,0.0,0.0,0.0,0.0,0.0,16.06135770254384,16.08081466813461,15.978666526542254,16.022443771362305,1332400.0,0.0,0.0,1360,86,21,461
2021-06-08,7.833333333333333,0.0,0.0,0.0,0.0,15.944617917973527,16.076921945331037,15.886248876157824,16.002988815307617,2075000.0,0.0,0.0,1374,99,47,339
2021-06-09,0.0,0.0,0.0,0.0,0.0,15.915435355527887,15.921270961224508,15.808423892336915,15.827880859375,1572400.0,0.0,0.0,1314,115,33,393
2021-06-10,2.5833333333333335,0.0,0.0,0.0,0.0,15.886249465445747,15.934890026176719,15.73059744448449,15.740325927734375,1954500.0,0.0,0.0,1486,133,44,363
2021-06-11,1.5,0.0,0.0,0.0,0.0,15.769509161513158,15.832743373432805,15.74032556794902,15.798694610595703,2041400.0,0.0,0.0,1306,85,26,492
2021-06-12,0.0,0.0,0.0,0.0,0.0,,,,,,,,992,78,20,369
2021-06-13,1.625,1.625,0.0,0.0,0.0,,,,,,,,1117,95,28,891
2021-06-14,5.25,0.0,0.0,0.0,0.0,15.798695460571516,15.8765214734603,15.759783381886379,15.81815242767334,1421700.0,0.0,0.0,1308,116,14,394
2021-06-15,6.75,0.0,0.0,0.0,0.0,15.81815180968222,15.983532312549539,15.81815180968222,15.925163269042969,1625800.0,0.0,0.0,1268,76,22,352
2021-06-16,3.625,0.0,0.0,0.0,0.0,15.808423454965117,15.837608904714774,15.67222840050363,15.740325927734375,1952500.0,0.0,0.0,1370,101,22,414
2021-06-17,8.5,0.0,0.0,0.0,0.0,15.750054227983984,15.803559957477441,15.351194769206087,15.448477745056152,3036000.0,0.0,0.0,1331,123,23,428
2021-06-18,5.583333333333333,0.0,0.0,0.0,0.0,15.156629923505685,15.253912900499788,15.064211188137207,15.098260879516602,2733700.0,0.0,0.0,1620,172,16,748
2021-06-19,1.625,0.0,0.0,0.0,0.0,,,,,,,,1081,139,15,582
2021-06-20,0.0,0.0,0.0,0.0,0.0,,,,,,,,1125,106,21,534
2021-06-21,6.708333333333333,0.0,0.0,0.0,0.0,15.088532934486194,15.176087431352185,15.054484169651477,15.166358947753906,2038400.0,0.0,0.0,1415,128,30,435
2021-06-22,12.458333333333334,0.0,1.7083333333333333,0.0,0.0,15.010705999175014,15.05934655866011,14.947471787429668,15.000977516174316,2283300.0,0.0,0.0,1419,117,26,416
2021-06-23,2.8333333333333335,0.0,0.0,0.0,0.0,15.12744555675896,15.142037354026368,15.03989106211757,15.069075584411621,1878600.0,0.0,0.0,1340,86,27,435
2021-06-24,3.9583333333333335,0.0,0.0,0.0,0.0,15.166358534502972,15.283097551223653,15.107988562263015,15.234456062316895,2013600.0,0.0,0.0,1578,108,23,379
2021-06-25,8.666666666666666,0.0,0.0,0.0,0.0,15.21499992041008,15.283097447763007,15.161494190198935,15.253912925720215,2016800.0,0.0,0.0,1378,88,26,366
2021-06-26,6.958333333333333,0.0,0.0,0.0,0.0,,,,,,,,1141,90,26,343
2021-06-27,6.375,0.0,0.0,0.0,0.0,,,,,,,,1125,96,24,342
2021-06-28,15.375,0.0,0.0,0.0,0.0,15.214999713645048,15.214999713645048,15.049619211384618,15.127445220947266,1649700.0,0.0,0.0,1558,157,31,451
2021-06-29,2.625,0.0,0.0,0.0,0.0,15.137174092026417,15.19554313681471,15.030162630315814,15.059347152709961,2066200.0,0.0,0.0,1450,108,26,456
2021-06-30,1.7916666666666667,0.0,0.0,0.0,0.0,14.835597475709902,14.952336492056512,14.816140509105852,14.923151969909668,2240900.0,0.0,0.0,1477,127,25,425
2021-07-01,6.958333333333333,2.0,0.0,0.0,0.0,15.03016270781337,15.049619674682615,14.947472454137559,15.049619674682617,1955700.0,0.0,0.0,1679,131,36,379
2021-07-02,10.666666666666666,0.0,0.0,0.0,0.0,15.030162088849412,15.039890571883403,14.908558834202152,14.991249084472656,1396300.0,0.0,0.0,1517,115,36,479
2021-07-03,4.416666666666667,0.0,0.0,0.0,0.0,,,,,,,,1077,81,20,422
2021-07-04,1.8333333333333333,0.0,0.0,0.0,0.0,,,,,,,,1073,79,25,429
2021-07-05,10.333333333333334,0.0,0.0,0.0,0.0,,,,,,,,1373,120,38,348
2021-07-06,3.125,0.0,0.0,0.0,0.0,14.893967345034044,14.903694900509745,14.66535262780944,14.777227401733398,1936000.0,0.0,0.0,1476,108,40,355
2021-07-07,11.75,0.0,0.0,0.0,0.0,14.67994504339374,14.74317832757014,14.57293358558247,14.67021656036377,1567000.0,0.0,0.0,1461,105,24,359
2021-07-08,5.208333333333333,0.0,0.0,0.0,0.0,14.349184449314158,14.39782593808402,14.212988466310396,14.281086921691895,2777800.0,0.0,0.0,1465,119,40,360
2021-07-09,3.2083333333333335,0.0,0.0,0.0,0.0,14.514565105770934,14.611848084324699,14.43673909403162,14.5729341506958,2988800.0,0.0,0.0,1421,108,30,380
2021-07-10,0.0,0.0,0.0,0.0,0.0,,,,,,,,1155,94,26,339
2021-07-11,2.2916666666666665,0.0,0.0,0.0,0.0,,,,,,,,948,81,26,354
2021-07-12,8.916666666666666,0.0,0.0,0.0,0.0,14.49510841660701,14.718858900462862,14.465923893585554,14.689674377441406,2860100.0,0.0,0.0,1438,96,23,337
2021-07-13,7.875,0.0,0.0,0.0,0.0,14.709129745461233,14.748042750300051,14.572933764645764,14.641032218933105,2274000.0,0.0,0.0,1390,122,31,345
2021-07-14,4.375,0.0,0.0,0.0,0.0,14.689673475061385,14.767499483510623,14.58266201762428,14.67994499206543,2574400.0,0.0,0.0,1503,104,37,337
2021-07-15,8.291666666666666,0.0,0.0,0.0,0.0,14.582662350417126,14.728586815409011,14.543749345304468,14.621575355529785,1614900.0,0.0,0.0,1423,92,14,325
2021-07-16,4.458333333333333,0.0,0.0,0.0,0.0,14.611847774058276,14.631303812700356,14.436738787483442,14.465923309326172,2192200.0,0.0,0.0,1286,80,22,356
2021-07-17,0.0,0.0,0.0,0.0,0.0,,,,,,,,1114,87,24,296
2021-07-18,2.9583333333333335,0.0,0.0,0.0,0.0,,,,,,,,1254,83,14,331
2021-07-19,6.291666666666667,0.0,0.0,0.0,0.0,14.19353227345939,14.271358283543067,14.028151770091768,14.144890785217285,3500900.0,0.0,0.0,1463,93,18,344
2021-07-20,8.208333333333334,0.0,0.0,0.0,0.0,14.495108385237577,14.93288086840831,14.475652345851797,14.85505485534668,3973600.0,0.0,0.0,1744,103,22,405
2021-07-21,4.0,0.0,0.0,0.0,0.0,15.166358685555796,15.458206694143842,15.146901718695613,15.370652198791504,2822900.0,0.0,0.0,1485,118,29,372
2021-07-22,1.2083333333333333,0.0,0.0,0.0,0.0,15.419293351957204,15.42415666580696,15.214999843176221,15.263640403747559,2506200.0,0.0,0.0,1595,134,25,345
2021-07-23,9.583333333333334,0.0,0.0,0.0,0.0,15.487391420006638,15.526304426478644,15.385244198168087,15.497119903564453,2845600.0,0.0,0.0,1444,104,29,329
2021-07-24,2.5,0.0,0.0,0.0,0.0,,,,,,,,1096,73,17,314
2021-07-25,2.9166666666666665,0.0,0.0,0.0,0.0,,,,,,,,1117,66,26,381
2021-07-26,4.166666666666667,0.0,0.0,0.0,0.0,15.643042745934986,15.803559934178713,15.633314262812478,15.769509315490723,2500700.0,0.0,0.0,1338,103,30,313
2021-07-27,3.9583333333333335,0.0,0.0,0.0,0.0,15.691683306029093,15.827880214225766,15.62358577968997,15.769509315490723,2609700.0,0.0,0.0,1472,125,19,325
2021-07-28,4.416666666666667,0.0,0.0,0.0,0.0,15.75005441098426,15.804532432768854,15.604130873272888,15.740325927734375,1784500.0,0.0,0.0,1439,100,26,324
2021-07-29,4.583333333333333,0.0,0.0,0.0,0.0,16.061358400326885,16.11972744411666,15.99326087331907,16.071086883544922,1811900.0,0.0,0.0,1350,145,24,344
2021-07-30,0.0,0.0,0.0,0.0,0.0,16.100270684621368,16.197553662533696,15.983532595541352,16.03217315673828,2049900.0,0.0,0.0,1316,105,18,319
2021-07-31,8.333333333333334,0.0,0.0,0.0,0.0,,,,,,,,970,77,18,344
2021-08-01,1.625,0.0,0.0,0.0,0.0,,,,,,,,1081,109,14,363
2021-08-02,11.458333333333334,0.0,0.0,0.0,0.0,16.207281833780286,16.343476886923813,16.080815263792502,16.090543746948242,2316400.0,0.0,0.0,1271,94,10,373
2021-08-03,6.041666666666667,0.0,0.0,0.0,0.0,16.236468263083335,16.285108826278965,16.05163078300655,16.246196746826172,2075400.0,0.0,0.0,1342,83,30,328
2021-08-04,6.916666666666667,0.0,0.0,0.0,0.0,16.18782450604532,16.246195403676538,16.129455463932498,16.14891242980957,1889300.0,0.0,0.0,1333,86,33,314
2021-08-05,1.4583333333333333,0.0,0.0,0.0,0.0,16.226739520277587,16.319157331081236,16.211173575433854,16.28510856628418,1882200.0,0.0,0.0,1394,99,28,355
2021-08-06,4.875,0.0,0.0,0.0,2.3333333333333335,16.37266313452474,16.450489148046106,16.353206167264766,16.431032180786133,1958200.0,0.0,0.0,1338,82,22,316
2021-08-07,2.2083333333333335,0.0,0.0,0.0,0.0,,,,,,,,1035,78,25,305
2021-08-08,0.0,0.0,0.0,0.0,0.0,,,,,,,,942,74,28,318
2021-08-09,14.208333333333334,0.0,0.0,0.0,0.0,16.440759916586924,16.469945366149343,16.354179570599758,16.40184783935547,1650900.0,0.0,0.0,1348,84,27,362
2021-08-10,5.0,0.0,0.0,0.0,0.0,16.38239141154563,16.494266188601756,16.358071130536647,16.469945907592773,1539200.0,0.0,0.0,1315,106,19,379
2021-08-11,7.458333333333333,0.0,0.0,0.0,0.0,16.576956543172148,16.625597102762093,16.538042611085462,16.60614013671875,1465100.0,0.0,0.0,1494,122,21,285
2021-08-12,15.833333333333334,0.0,0.0,0.0,0.0,16.586684175080627,16.635326593134522,16.501076117031708,16.596412658691406,1106300.0,0.0,0.0,1361,92,20,346
2021-08-13,9.583333333333334,0.0,0.0,0.0,0.0,16.615869315185964,16.73260926081368,16.547771786702505,16.654783248901367,1649300.0,0.0,0.0,1256,92,26,305
2021-08-14,6.708333333333333,0.0,0.0,0.0,0.0,,,,,,,,952,86,34,262
2021-08-15,3.875,0.0,0.0,0.0,0.0,,,,,,,,1091,93,17,345
2021-08-16,3.2083333333333335,0.0,0.0,0.0,0.0,16.52831412806379,16.61100530598879,16.426167839613857,16.60614013671875,1274400.0,0.0,0.0,1419,122,27,334
2021-08-17,3.2916666666666665,0.0,0.0,0.0,0.0,16.440760820379726,16.557500769528477,16.28510879186042,16.411577224731445,1788600.0,0.0,0.0,1325,113,24,360
2021-08-18,13.041666666666666,0.0,0.0,0.0,0.0,16.37266285489148,16.513723081839284,16.31429380962699,16.32402229309082,1698200.0,0.0,0.0,1326,111,28,329
2021-08-19,10.375,0.0,0.0,0.0,0.0,16.10027011740522,16.177123834245048,16.032172591921224,16.12945556640625,1917900.0,0.0,0.0,1335,112,29,374
2021-08-20,0.0,0.0,0.0,0.0,0.0,16.09054328571625,16.207281369202022,16.071086319962497,16.16836929321289,1647500.0,0.0,0.0,1200,66,23,282
2021-08-21,2.5,0.0,0.0,0.0,0.0,,,,,,,,981,57,23,272
2021-08-22,0.0,0.0,0.0,0.0,0.0,,,,,,,,1011,102,18,283
2021-08-23,5.5,0.0,0.0,0.0,0.0,16.265650697859723,16.34347670672916,16.241330417997727,16.275379180908203,1561900.0,0.0,0.0,1446,128,20,322
2021-08-24,2.3333333333333335,0.0,0.0,0.0,0.0,16.275380514984217,16.421304061635812,16.275380514984217,16.372663497924805,1311800.0,0.0,0.0,1371,93,31,360
2021-08-25,2.25,0.0,0.0,0.0,0.0,16.460217960752797,16.6110066767544,16.40184891332448,16.538043975830078,1623000.0,0.0,0.0,1401,104,33,382
2021-08-26,9.791666666666666,0.0,0.0,0.0,0.0,16.421302715598596,16.465079961557556,16.246195587281175,16.275379180908203,1216400.0,0.0,0.0,1453,81,27,317
2021-08-27,11.75,0.0,0.0,0.0,0.0,16.217010115565056,16.450488141848417,16.207281632530115,16.440759658813477,955800.0,0.0,0.0,1175,91,20,317
2021-08-28,7.583333333333333,0.0,0.0,0.0,0.0,,,,,,,,946,70,22,284
2021-08-29,2.9166666666666665,2.9166666666666665,0.0,0.0,0.0,,,,,,,,4179,85,18,341
2021-08-30,6.708333333333333,0.0,0.0,0.0,0.0,16.28510802537915,16.319156789045284,16.207282014782486,16.217010498046875,1304900.0,0.0,0.0,1350,81,22,321
2021-08-31,5.958333333333333,0.0,0.0,0.0,0.0,16.275380551575473,16.280245721268653,16.17809756841617,16.20728302001953,1394200.0,0.0,0.0,2040,95,31,342
2021-09-01,12.666666666666666,0.0,0.0,0.0,0.0,16.246195484894074,16.382390535677654,16.217010035932564,16.294836044311523,1511600.0,0.0,0.0,1368,95,14,339
2021-09-02,7.041666666666667,0.0,4.125,0.0,0.0,16.27538008269666,16.36293457946581,16.211173575433854,16.28510856628418,1123800.0,0.0,0.0,1438,89,42,301
2021-09-03,6.166666666666667,0.0,0.0,0.0,0.0,16.265650697859723,16.319156426867163,16.21701013813573,16.275379180908203,1206700.0,0.0,0.0,1285,89,23,317
2021-09-04,0.0,0.0,0.0,0.0,0.0,,,,,,,,952,85,20,257
2021-09-05,0.0,0.0,0.0,0.0,0.0,,,,,,,,959,64,18,270
2021-09-06,7.0,0.0,0.0,0.0,0.0,,,,,,,,1394,103,23,353
2021-09-07,3.0,0.0,0.0,0.0,0.0,16.343477716559004,16.44270713647365,16.255923219231274,16.26565170288086,1192700.0,0.0,0.0,1426,81,31,310
2021-09-08,5.416666666666667,0.0,0.0,0.0,0.0,16.226739448162263,16.30067443868401,16.08081590603504,16.139184951782227,1577600.0,0.0,0.0,1513,94,21,329
2021-09-09,7.0,0.0,0.0,0.0,0.0,16.061359405517578,16.212148121556506,16.0419024378638,16.061359405517578,1421300.0,0.0,0.0,1549,108,40,343
2021-09-10,0.0,0.0,0.0,0.0,0.0,16.197553350624542,16.215063878097506,16.080815263792502,16.090543746948242,1365100.0,0.0,0.0,1356,78,28,299
2021-09-11,0.0,0.0,0.0,0.0,0.0,,,,,,,,1167,60,22,277
2021-09-12,0.0,0.0,0.0,0.0,0.0,,,,,,,,1236,117,21,384
2021-09-13,7.416666666666667,0.0,0.0,0.0,0.0,16.22673862118421,16.333750079199092,16.178096205941806,16.275379180908203,1784000.0,0.0,0.0,1511,94,35,354
2021-09-14,3.2916666666666665,0.0,0.0,0.0,0.0,16.362934611994806,16.396983376859552,16.09540780712102,16.119728088378906,1546300.0,0.0,0.0,1483,112,25,408
2021-09-15,6.25,0.0,0.0,0.0,0.0,16.22673872369349,16.30456473305458,16.182961477457976,16.255922317504883,1469400.0,0.0,0.0,1731,108,31,367
2021-09-16,3.2916666666666665,0.0,0.0,0.0,0.0,16.343477612290776,16.37266306305333,16.217011036690067,16.28510856628418,1770000.0,0.0,0.0,1491,93,22,392
2021-09-17,1.0,0.0,0.0,0.0,1.125,16.217010184681712,16.255922261468907,15.925163114463267,15.944618225097656,1698600.0,0.0,0.0,1521,99,27,351
2021-09-18,0.0,0.0,0.0,0.0,0.0,,,,,,,,1240,73,17,292
2021-09-19,0.0,0.0,0.0,0.0,0.0,,,,,,,,1129,101,24,304
2021-09-20,15.791666666666666,0.0,0.0,0.0,0.0,15.156629715180838,15.171222439857148,14.806412672782335,14.971793174743652,4181200.0,0.0,0.0,1605,102,29,361
2021-09-21,3.375,0.0,0.0,0.0,0.0,14.991249914324902,15.049619888000752,14.840462129987904,14.85505485534668,2868900.0,0.0,0.0,1563,112,27,318
2021-09-22,3.1666666666666665,0.0,0.0,0.0,0.0,15.166358818211792,15.312282359902547,15.137174295425492,15.18581485748291,1788400.0,0.0,0.0,1634,83,22,341
2021-09-23,7.083333333333333,0.0,0.0,0.0,0.0,15.322010760997681,15.477662785366336,15.297690480099796,15.360923767089844,2253400.0,0.0,0.0,1524,80,29,338
2021-09-24,5.083333333333333,0.0,0.0,0.0,0.0,15.380380269857364,15.487390801441576,15.380380269857364,15.438749313354492,1987500.0,0.0,0.0,1629,127,26,334
2021-09-25,0.0,0.0,0.0,0.0,0.0,,,,,,,,1160,82,26,320
2021-09-26,0.0,0.0,0.0,0.0,0.0,,,,,,,,1225,69,31,363
2021-09-27,15.083333333333334,0.0,0.0,0.0,0.0,15.594402594810639,15.750054617815938,15.594402594810639,15.701412200927734,1914600.0,0.0,0.0,1557,100,22,330
2021-09-28,8.041666666666666,0.0,0.0,0.0,1.875,15.720869275080924,15.759783208857328,15.477662755533856,15.526304244995117,2490900.0,0.0,0.0,1724,110,38,332
2021-09-29,8.0,0.0,0.0,0.0,0.0,15.662500122935647,15.747135887250797,15.592456155927719,15.701412200927734,2744400.0,0.0,0.0,1565,107,38,318
2021-09-30,5.125,0.0,0.0,0.0,0.0,15.643043367440386,15.67222881796746,15.429021369038104,15.506847381591797,2708000.0,0.0,0.0,1645,116,65,386
2021-10-01,8.75,0.0,0.0,0.0,0.0,15.438749929976817,15.565217432950652,15.315201157622177,15.497119903564453,2753300.0,0.0,0.0,1282,96,39,310
2021-10-02,13.291666666666666,0.0,0.0,0.0,0.0,,,,,,,,1250,67,27,295
2021-10-03,2.5833333333333335,0.0,0.0,0.0,0.0,,,,,,,,1251,110,32,418
2021-10-04,3.8333333333333335,0.0,0.0,0.0,0.0,15.594402701344585,15.706277477674016,15.467934272089755,15.526304244995117,2259500.0,0.0,0.0,1617,100,45,577
2021-10-05,8.583333333333334,0.0,0.0,0.0,0.0,15.555488507997866,15.79869502348661,15.506847019348271,15.730597496032715,2088400.0,0.0,0.0,1351,81,41,500
2021-10-06,14.958333333333334,0.0,0.0,0.0,0.0,15.516575809094322,15.69168387282846,15.419293757632966,15.681957244873047,2242400.0,0.0,0.0,1545,107,55,431
2021-10-07,0.0,0.0,0.0,0.0,0.0,15.983532853780014,16.144048192738026,15.983532853780014,15.993261337280273,1788100.0,0.0,0.0,1412,93,50,377
2021-10-08,2.8333333333333335,0.0,0.0,0.0,0.0,16.148912714332404,16.34347680997591,16.109998781892646,16.255922317504883,2163200.0,0.0,0.0,1301,88,39,286
2021-10-09,3.6666666666666665,0.0,0.0,0.0,0.0,,,,,,,,1092,105,16,335
2021-10-10,0.0,0.0,0.0,0.0,0.0,,,,,,,,4013,93,31,426
2021-10-11,7.75,0.0,0.0,0.0,0.0,16.411577470205923,16.48940348562965,16.20728302001953,16.20728302001953,1590100.0,0.0,0.0,13759,87,27,377
2021-10-12,0.0,0.0,0.0,0.0,0.0,16.285107766834702,16.319156529960274,16.16836968055228,16.255922317504883,1725200.0,0.0,0.0,1489,104,29,366
2021-10-13,5.541666666666667,0.0,0.0,0.0,0.0,16.27537907833718,16.324021493273033,16.090543468136154,16.294836044311523,1215000.0,0.0,0.0,1404,126,25,373
2021-10-14,18.5,0.0,0.0,0.0,0.0,16.64505360749356,16.699531626490348,16.562362431860315,16.6839656829834,2479200.0,0.0,0.0,1378,88,22,363
2021-10-15,50.0,0.0,0.0,0.0,0.0,16.78124889276098,16.878531866141532,16.68396591938043,16.810434341430664,2413000.0,0.0,0.0,1327,95,22,374
2021-10-16,,,,,,,,,,,,,1101,95,25,272
2021-10-17,,,,,,,,,,,,,1113,61,14,341
2021-10-18,,,,,,16.74233627319336,16.810435658759136,16.72288116140738,16.74233627319336,1355700.0,0.0,0.0,1444,75,33,449
2021-10-19,,,,,,16.790977375650876,16.85421158667599,16.761791926981193,16.810434341430664,1736600.0,0.0,0.0,1472,95,32,293
2021-10-20,,,,,,16.820162905850715,17.004998515099473,16.781248974102517,16.956357955932617,1741900.0,0.0,0.0,1555,85,36,366
2021-10-21,,,,,,16.868804465312305,16.946630477905273,16.839619014770506,16.946630477905273,1699200.0,0.0,0.0,1394,78,25,354
2021-10-22,2.9565217391304346,0.0,0.0,0.0,0.0,17.073096558802565,17.189836502075195,17.009864201068403,17.189836502075195,1614700.0,0.0,0.0,1371,65,28,314
2021-10-23,0.0,0.0,0.0,0.0,0.0,,,,,,,,1114,80,16,284
2021-10-24,3.25,0.0,0.0,0.0,0.0,,,,,,,,1121,114,18,320
2021-10-25,8.375,0.0,0.0,0.0,0.0,17.18983593812728,17.345487953705337,17.131466896165108,17.287118911743164,2456200.0,0.0,0.0,1487,105,26,328
2021-10-26,4.166666666666667,0.0,0.0,0.0,0.0,17.413585304325046,17.544917039064504,17.38440171139519,17.471954345703125,2995700.0,0.0,0.0,1668,99,23,459
2021-10-27,2.875,0.0,0.0,0.0,0.0,17.54978370666504,17.70543573397536,17.49141280478477,17.54978370666504,2775000.0,0.0,0.0,1652,75,38,330
2021-10-28,5.5,0.0,0.0,0.0,0.0,17.530325915793256,17.705434902170346,17.48168349984493,17.685977935791016,1811700.0,0.0,0.0,1545,116,31,325
2021-10-29,5.166666666666667,0.0,0.0,0.0,1.4583333333333333,17.715162641643136,17.802717140326592,17.59842454707757,17.65679359436035,1633600.0,0.0,0.0,1388,73,26,325
2021-10-30,0.0,0.0,0.0,0.0,0.0,,,,,,,,1102,82,15,268
2021-10-31,0.0,0.0,0.0,0.0,0.0,,,,,,,,1164,93,20,338
2021-11-01,4.0,0.0,0.0,0.0,1.75,17.899998949171653,18.045922485570213,17.89027046600929,18.016738891601562,2259100.0,0.0,0.0,1494,88,26,354
2021-11-02,4.208333333333333,0.0,0.0,0.0,0.0,17.958368633350023,18.10915734446885,17.9194565548307,18.065380096435547,1759700.0,0.0,0.0,1619,106,30,330
2021-11-03,4.166666666666667,0.0,0.0,0.0,0.0,18.104293926746305,18.164609410848264,18.00701094772761,18.084836959838867,2091900.0,0.0,0.0,1303,82,18,288
2021-11-04,0.0,0.0,0.0,0.0,0.0,17.948641154320306,17.95350446808519,17.632471949568945,17.724889755249023,2382100.0,0.0,0.0,1241,89,15,289
2021-11-05,2.0416666666666665,0.0,0.0,0.0,0.0,17.88054200770551,17.8902704908814,17.778395717636354,17.85135841369629,1862300.0,0.0,0.0,1208,88,20,260
2021-11-06,6.958333333333333,0.0,0.0,0.0,0.0,,,,,,,,969,61,20,254
2021-11-07,5.625,0.0,0.0,0.0,0.0,,,,,,,,996,80,23,302
2021-11-08,3.5,0.0,0.0,0.0,0.0,17.802716358689572,17.909727820275084,17.78326124746187,17.79298973083496,1803800.0,0.0,0.0,2729,105,32,332
2021-11-09,9.083333333333334,0.0,2.375,0.0,0.0,17.87081538004806,17.914592626580333,17.778395717636354,17.85135841369629,2355200.0,0.0,0.0,1385,78,31,354
2021-11-10,10.166666666666666,0.0,0.0,0.0,0.0,17.773531986164766,17.812444062435517,17.588694521203102,17.59842300415039,1545600.0,0.0,0.0,1319,80,14,263
2021-11-11,1.75,0.0,0.0,0.0,0.0,17.53032612038287,17.67624965889398,17.48654887327769,17.647064208984375,1842800.0,0.0,0.0,1274,109,23,243
2021-11-12,12.541666666666666,0.0,0.0,0.0,0.0,17.51086941058608,17.67624991812902,17.496277613176506,17.608152389526367,1349400.0,0.0,0.0,1306,101,28,309
2021-11-13,0.0,0.0,0.0,0.0,0.0,,,,,,,,1000,62,27,327
2021-11-14,3.125,3.125,0.0,0.0,0.0,,,,,,,,1016,108,23,326
2021-11-15,9.083333333333334,0.0,0.0,0.0,0.0,17.637335545293293,17.66943972541736,17.506005660839406,17.520597457885742,865300.0,0.0,0.0,1387,111,32,683
2021-11-16,3.7916666666666665,0.0,0.0,0.0,0.0,17.588694984793218,17.608151951200625,17.510868974682037,17.520597457885742,804900.0,0.0,0.0,1493,86,31,270
2021-11-17,5.875,0.0,0.0,0.0,0.0,17.608152462770143,17.792989937973697,17.60328729326772,17.75407600402832,1444900.0,0.0,0.0,1438,104,33,292
2021-11-18,8.833333333333334,0.0,0.0,0.0,0.0,17.559509742107405,17.588695192062442,17.442771653324186,17.4816837310791,1535600.0,0.0,0.0,1566,97,40,444
2021-11-19,6.708333333333333,0.0,0.0,0.0,0.0,17.092554561201677,17.131468496490506,16.94663101490569,17.014728546142578,1662600.0,0.0,0.0,1567,111,37,307
2021-11-20,6.375,0.0,0.0,0.0,0.0,,,,,,,,1581,89,37,313
2021-11-21,11.666666666666666,0.0,0.0,0.0,0.0,,,,,,,,2089,90,31,409
2021-11-22,9.375,0.0,0.0,0.0,0.0,17.034183706550895,17.21902116852544,16.98554129260056,16.995269775390625,1749800.0,0.0,0.0,2094,119,51,388
2021-11-23,8.208333333333334,0.0,0.0,0.0,0.0,16.96608751722423,17.116874373536437,16.961222347687283,17.092554092407227,2103300.0,0.0,0.0,1469,106,32,390
2021-11-24,10.5,0.0,0.0,0.0,0.0,17.043912964623246,17.253070715327805,17.043912964623246,17.189836502075195,1613800.0,0.0,0.0,1519,123,22,366
2021-11-25,1.875,0.0,0.0,0.0,0.0,,,,,,,,1637,115,33,320
2021-11-26,0.0,0.0,0.0,0.0,0.0,16.596412658691406,16.611006311866838,16.431032148345214,16.596412658691406,1317900.0,0.0,0.0,1222,94,27,302
2021-11-27,0.0,0.0,0.0,0.0,0.0,,,,,,,,1136,66,22,325
2021-11-28,6.791666666666667,0.0,0.0,0.0,0.0,,,,,,,,1134,83,28,364
2021-11-29,3.8333333333333335,0.0,0.0,0.0,0.0,16.67423720023135,16.761791689481438,16.542905466356213,16.6839656829834,1629700.0,0.0,0.0,1329,92,36,339
2021-11-30,6.416666666666667,0.0,0.0,0.0,0.0,16.810434341430664,16.8639382140475,16.591548115204017,16.810434341430664,3503900.0,0.0,0.0,1446,82,28,384
2021-12-01,4.0,0.0,0.0,0.0,0.0,17.092554421774242,17.150923468712794,16.71315283339582,16.722881317138672,2842500.0,0.0,0.0,1554,92,26,331
2021-12-02,6.791666666666667,0.0,0.0,0.0,0.0,16.917444184025296,17.326031193649843,16.90285238724105,17.248205184936523,2574200.0,0.0,0.0,1494,95,29,312
2021-12-03,11.25,0.0,0.0,0.0,0.0,17.267663453294414,17.267663453294414,16.941767597078325,17.0341854095459,1902900.0,0.0,0.0,1331,108,20,276
2021-12-04,3.2916666666666665,0.0,0.0,0.0,0.0,,,,,,,,1462,79,14,277
2021-12-05,2.0416666666666665,0.0,0.0,0.0,0.0,,,,,,,,1128,81,15,292
2021-12-06,5.916666666666667,0.0,0.0,0.0,0.0,17.267662150994454,17.36494512576571,17.209293108339065,17.248205184936523,2730000.0,0.0,0.0,1407,84,19,325
2021-12-07,6.166666666666667,0.0,0.0,0.0,0.0,17.471955941035528,17.627609824786834,17.44277234544097,17.53032684326172,1750600.0,0.0,0.0,1410,104,40,420
2021-12-08,4.0,0.0,0.0,0.0,0.0,17.540054321289062,17.622743644757282,17.506005558035277,17.540054321289062,1543900.0,0.0,0.0,1422,99,35,393
2021-12-09,11.083333333333334,0.0,0.0,0.0,0.0,17.433042526245117,17.471954602563105,17.3688360231298,17.433042526245117,1400200.0,0.0,0.0,1404,100,33,373
2021-12-10,4.125,0.0,0.0,0.0,0.0,17.364945103278366,17.471954705421602,17.31143937444754,17.413585662841797,2218700.0,0.0,0.0,1559,114,28,371
2021-12-11,5.541666666666667,0.0,0.0,0.0,0.0,,,,,,,,1070,86,20,300
2021-12-12,0.0,0.0,0.0,0.0,0.0,,,,,,,,1074,78,27,299
2021-12-13,10.791666666666666,0.0,0.0,0.0,0.0,17.540053900937103,17.55950901124557,17.287118911743164,17.287118911743164,2910100.0,0.0,0.0,1582,102,66,337
2021-12-14,5.75,0.0,0.0,0.0,0.0,17.257934466757312,17.408723177408007,17.160651487483264,17.27739143371582,2196800.0,0.0,0.0,1498,104,34,404
2021-12-15,4.583333333333333,0.0,0.0,0.0,0.0,17.150923034277753,17.155788203785214,16.970950728390115,17.112010955810547,2296000.0,0.0,0.0,1459,96,26,321
2021-12-16,9.291666666666666,0.0,0.0,0.0,0.0,17.452499853147902,17.50114041343106,17.321168113761253,17.37467384338379,2064400.0,0.0,0.0,1338,105,36,299
2021-12-17,2.3333333333333335,0.0,0.0,0.0,0.0,17.219021532855418,17.219021532855418,16.917444126537482,16.936901092529297,2471800.0,0.0,0.0,1271,99,4676,271
2021-12-18,0.0,0.0,0.0,0.0,0.0,,,,,,,,978,76,7065,330
2021-12-19,3.375,0.0,0.0,0.0,0.0,,,,,,,,1035,77,6979,337
2021-12-20,4.166666666666667,0.0,2.0833333333333335,0.0,0.0,16.771521516468212,16.810435450595357,16.625597974528436,16.78125,2575100.0,0.0,0.0,1241,85,10637,323
2021-12-21,0.0,0.0,0.0,0.0,0.0,16.97581566951621,17.063370164287647,16.93203842213049,16.98554229736328,1905300.0,0.0,0.0,1240,84,40,307
2021-12-22,7.0,0.0,0.0,0.0,0.0,16.956358930904724,17.1314679228034,16.907716513422592,17.112010955810547,1606700.0,0.0,0.0,1157,68,34,272
2021-12-23,4.375,0.0,0.0,0.0,0.0,17.238477139337316,17.398994330110806,17.209293545028288,17.33576011657715,1422100.0,0.0,0.0,1068,92,40,303
2021-12-24,3.0833333333333335,0.0,0.0,0.0,0.0,,,,,,,,1473,80,45,255
2021-12-25,0.0,0.0,0.0,0.0,0.0,,,,,,,,891,64,36,269
2021-12-26,2.4166666666666665,0.0,2.4166666666666665,0.0,0.0,,,,,,,,926,55,37,308
2021-12-27,0.0,0.0,0.0,0.0,0.0,17.433042606723774,17.593557937493877,17.38926536096494,17.57896614074707,1052300.0,0.0,0.0,1078,85,38,306
2021-12-28,2.3333333333333335,0.0,0.0,0.0,0.0,17.54978234283725,17.65192862991194,17.540053859946557,17.61787986755371,1084300.0,0.0,0.0,1165,75,42,356
2021-12-29,4.166666666666667,0.0,0.0,0.0,0.0,17.49141280478477,17.62274455073758,17.457364039780543,17.54978370666504,1325300.0,0.0,0.0,1284,93,37,327
2021-12-30,0.0,0.0,0.0,0.0,0.0,17.549782466235875,17.588694542553863,17.433042526245117,17.433042526245117,1798500.0,0.0,0.0,1163,59,52,393
2021-12-31,0.0,0.0,0.0,0.0,0.0,,,,,,,,1233,54,41,270
