date,Netflix. Inc,Netflix_x,Netflix Stock,Streaming media,Reed Hastings_x,Open,High,Low,Close,Volume,Dividends,Stock Splits,dow_open,dow_high,dow_low,dow_close,dow_vol,nas_open,nas_high,nas_low,nas_close,nas_vol,Netflix_y,Reed Hastings_y
2021-01-01,0.0,49.78260869565217,0.0,0.0,0.0,,,,,,,,,,,,,,,,,,35207,2033
2021-01-02,0.0,48.875,0.0,0.0,0.0,,,,,,,,,,,,,,,,,,32935,2566
2021-01-03,0.0,41.791666666666664,0.0,0.0,0.0,,,,,,,,,,,,,,,,,,31394,2587
2021-01-04,0.0,30.75,0.0,0.0,0.0,539.0,540.7999877929688,515.0900268554688,522.8599853515625,4444400.0,0.0,0.0,30627.470703125,30674.279296875,29881.8203125,30223.890625,475080000.0,12958.51953125,12958.7197265625,12543.240234375,12698.4501953125,6546740000.0,28889,2151
2021-01-05,0.0,30.916666666666668,0.0,0.0,0.0,521.5499877929688,526.780029296875,515.8900146484375,520.7999877929688,3133900.0,0.0,0.0,30204.25,30504.890625,30141.779296875,30391.599609375,350910000.0,12665.650390625,12828.26953125,12665.650390625,12818.9599609375,6904420000.0,27969,2316
2021-01-06,0.0,23.791666666666668,0.0,0.0,0.0,511.9700012207031,513.0999755859375,499.5,500.489990234375,5346200.0,0.0,0.0,30362.779296875,31022.650390625,30313.0703125,30829.400390625,500430000.0,12666.150390625,12909.6298828125,12649.990234375,12740.7900390625,7648340000.0,27611,2236
2021-01-07,0.0,24.458333333333332,0.7083333333333334,0.0,0.0,508.2799987792969,516.4400024414062,506.4200134277344,508.8900146484375,3686400.0,0.0,0.0,30901.1796875,31193.400390625,30897.859375,31041.130859375,427810000.0,12867.33984375,13090.91015625,12867.33984375,13067.48046875,6777010000.0,27071,1989
2021-01-08,0.0,25.125,0.0,0.0,0.0,511.30999755859375,513.239990234375,504.510009765625,510.3999938964844,2973900.0,0.0,0.0,31069.580078125,31140.669921875,30793.26953125,31097.970703125,381150000.0,13160.2197265625,13208.08984375,13036.5498046875,13201.98046875,7223660000.0,28090,1924
2021-01-09,0.0,36.958333333333336,0.0,0.0,0.0,,,,,,,,,,,,,,,,,,28758,1940
2021-01-10,0.0,32.375,0.0,0.0,0.0,,,,,,,,,,,,,,,,,,28037,2191
2021-01-11,0.0,32.0,0.0,0.0,0.0,507.8399963378906,510.7300109863281,497.95001220703125,499.1000061035156,3806200.0,0.0,0.0,31015.369140625,31096.98046875,30832.060546875,31008.689453125,356540000.0,13048.7802734375,13138.26953125,12999.509765625,13036.4296875,6876420000.0,26662,2225
2021-01-12,0.0,29.041666666666668,0.0,0.0,0.0,500.0,501.0899963378906,485.6700134277344,494.25,5990400.0,0.0,0.0,31015.009765625,31114.560546875,30888.759765625,31068.689453125,362620000.0,13062.0595703125,13105.0400390625,12963.919921875,13072.4296875,7181380000.0,26792,2234
2021-01-13,0.0,29.291666666666668,0.0,0.0,0.0,495.5,512.3499755859375,493.010009765625,507.7900085449219,5032100.0,0.0,0.0,31084.880859375,31153.369140625,30992.05078125,31060.470703125,413250000.0,13088.009765625,13171.150390625,13051.0595703125,13128.9501953125,7072920000.0,26293,2349
2021-01-14,0.0,32.333333333333336,0.5,0.0,0.0,507.3500061035156,514.5,499.5799865722656,500.8599853515625,4177400.0,0.0,0.0,31085.669921875,31223.779296875,30982.240234375,30991.51953125,427810000.0,13174.75,13220.16015625,13098.41015625,13112.6396484375,6671090000.0,24169,1950
2021-01-15,0.0,28.791666666666668,0.4583333333333333,0.0,0.0,500.0,506.32000732421875,495.1000061035156,497.9800109863281,5895800.0,0.0,0.0,30926.76953125,30941.98046875,30612.669921875,30814.259765625,433000000.0,13099.900390625,13139.830078125,12949.759765625,12998.5,6402970000.0,17351,1877
2021-01-16,0.0,31.375,0.0,0.0,0.0,,,,,,,,,,,,,,,,,,16348,1992
2021-01-17,0.0,19.291666666666668,0.0,0.0,0.0,,,,,,,,,,,,,,,,,,16026,2180
2021-01-18,0.0,26.791666666666668,0.0,0.0,0.0,,,,,,,,,,,,,,,,,,15913,1961
2021-01-19,0.0,34.666666666666664,0.4583333333333333,0.0,0.0,501.0,509.25,493.5400085449219,501.7699890136719,12315800.0,0.0,0.0,30887.419921875,31086.619140625,30865.029296875,30930.51953125,386400000.0,13132.73046875,13206.8603515625,13078.7001953125,13197.1796875,6229100000.0,15677,2442
2021-01-20,0.0,31.291666666666668,1.375,0.0,0.0,565.4199829101562,593.2899780273438,556.8599853515625,586.3400268554688,32637500.0,0.0,0.0,31017.5390625,31235.98046875,30997.7890625,31188.380859375,384980000.0,13342.5498046875,13486.1298828125,13329.76953125,13457.25,6771630000.0,18643,3407
2021-01-21,0.0,32.041666666666664,0.0,0.0,0.0,582.4500122070312,588.75,570.4000244140625,579.8400268554688,11802100.0,0.0,0.0,31198.009765625,31272.220703125,31120.919921875,31176.009765625,418780000.0,13521.48046875,13560.349609375,13454.0703125,13530.91015625,7183390000.0,18053,2570
2021-01-22,0.0,31.583333333333332,0.0,0.0,0.0,582.0999755859375,583.989990234375,564.3499755859375,565.1699829101562,7550800.0,0.0,0.0,31141.560546875,31141.560546875,30908.470703125,30996.98046875,436040000.0,13474.8095703125,13567.1396484375,13463.66015625,13543.0595703125,5931240000.0,24173,2096
2021-01-23,0.0,37.625,1.2083333333333333,0.0,0.0,,,,,,,,,,,,,,,,,,23855,1947
2021-01-24,0.0,39.25,0.0,0.0,0.7083333333333334,,,,,,,,,,,,,,,,,,23863,1934
2021-01-25,0.0,29.5,0.0,0.0,0.0,567.0,569.75,548.6500244140625,556.780029296875,7207300.0,0.0,0.0,30989.849609375,30989.849609375,30564.060546875,30960.0,472890000.0,13681.2099609375,13728.98046875,13368.6796875,13635.990234375,7139410000.0,23107,1842
2021-01-26,0.0,33.583333333333336,0.0,0.0,0.0,554.72998046875,567.989990234375,554.0599975585938,561.9299926757812,5023800.0,0.0,0.0,30968.55078125,31121.419921875,30921.7109375,30937.0390625,373150000.0,13681.7197265625,13702.6904296875,13603.1904296875,13626.0595703125,6781460000.0,21712,1906
2021-01-27,0.0,35.916666666666664,0.0,0.0,0.0,550.7100219726562,556.4199829101562,515.72998046875,523.280029296875,8670300.0,0.0,0.0,30893.779296875,30893.779296875,30206.91015625,30303.169921875,566470000.0,13486.580078125,13538.419921875,13192.91015625,13270.599609375,11102160000.0,21591,2007
2021-01-28,0.0,31.625,0.0,0.0,0.0,535.8800048828125,553.1500244140625,530.739990234375,538.5999755859375,5969000.0,0.0,0.0,30377.189453125,30951.41015625,30377.189453125,30603.359375,465140000.0,13323.2900390625,13507.6396484375,13316.51953125,13337.16015625,9823150000.0,22072,2102
2021-01-29,0.0,15.75,0.0,0.0,0.0,538.0,541.0,530.1799926757812,532.3900146484375,4325300.0,0.0,0.0,30553.91015625,30553.91015625,29856.30078125,29982.619140625,536320000.0,13284.7197265625,13322.0,12985.0498046875,13070.6904296875,7809670000.0,21400,2326
2021-01-30,0.0,31.208333333333332,0.5416666666666666,0.0,0.0,,,,,,,,,,,,,,,,,,21808,1849
2021-01-31,0.0,31.458333333333332,0.0,0.0,0.0,,,,,,,,,,,,,,,,,,21995,1855
2021-02-01,0.0,30.791666666666668,0.5,0.0,0.0,536.7899780273438,545.0599975585938,531.72998046875,539.0399780273438,3547500.0,0.0,0.0,30054.73046875,30335.91015625,30014.970703125,30211.91015625,347060000.0,13226.1796875,13431.4599609375,13132.4697265625,13403.3896484375,7014220000.0,21046,1887
2021-02-02,0.0,27.125,0.5,0.0,0.0,542.010009765625,555.47998046875,538.9299926757812,548.1599731445312,3767600.0,0.0,0.0,30276.880859375,30840.5390625,30276.880859375,30687.48046875,333160000.0,13543.099609375,13652.7001953125,13535.8603515625,13612.7802734375,7240220000.0,20475,1962
2021-02-03,0.0,25.958333333333332,0.0,0.0,0.0,550.1699829101562,550.47998046875,538.239990234375,539.4500122070312,3172300.0,0.0,0.0,30689.650390625,30793.41015625,30521.310546875,30723.599609375,305590000.0,13718.3095703125,13723.830078125,13585.33984375,13610.5400390625,7465240000.0,21376,2089
2021-02-04,0.0,21.083333333333332,0.375,0.0,0.4166666666666667,539.8099975585938,559.47998046875,537.510009765625,552.1599731445312,5164500.0,0.0,0.0,30737.779296875,31065.9609375,30737.779296875,31055.859375,338330000.0,13674.0595703125,13778.419921875,13631.6201171875,13777.740234375,7218680000.0,21386,1984
2021-02-05,0.0,27.0,0.0,0.0,0.0,552.260009765625,554.4400024414062,545.47998046875,550.7899780273438,2376200.0,0.0,0.0,31093.810546875,31252.1796875,31083.220703125,31148.240234375,293550000.0,13824.8798828125,13878.16015625,13761.66015625,13856.2998046875,6697720000.0,21276,1788
2021-02-06,0.0,35.041666666666664,0.0,0.0,0.0,,,,,,,,,,,,,,,,,,21571,1817
2021-02-07,0.0,31.958333333333332,0.0,0.0,0.0,,,,,,,,,,,,,,,,,,21676,1830
2021-02-08,0.0,20.291666666666668,0.0,0.0,0.0,555.0,555.0,543.7000122070312,547.9199829101562,2791700.0,0.0,0.0,31191.19921875,31386.099609375,31191.19921875,31385.759765625,322250000.0,13937.0595703125,13987.740234375,13894.150390625,13987.6396484375,8439940000.0,20395,1720
2021-02-09,0.0,19.666666666666668,0.0,0.0,0.0,546.0,566.0,543.0,559.0700073242188,3703500.0,0.0,0.0,31359.880859375,31439.470703125,31245.859375,31375.830078125,308210000.0,13966.8203125,14044.9501953125,13966.5498046875,14007.7001953125,8658980000.0,20558,1709
2021-02-10,0.0,19.333333333333332,0.0,0.0,0.0,562.5,566.6500244140625,553.4600219726562,563.5900268554688,3991300.0,0.0,0.0,31428.01953125,31511.439453125,31221.3203125,31437.80078125,326450000.0,14093.349609375,14109.1201171875,13845.4697265625,13972.5302734375,10165550000.0,19683,1846
2021-02-11,0.0,28.5,0.0,0.0,0.0,564.4400024414062,565.9299926757812,554.219970703125,557.5900268554688,2730600.0,0.0,0.0,31466.490234375,31543.8203125,31244.359375,31430.69921875,280320000.0,14045.2099609375,14058.91015625,13916.849609375,14025.76953125,10000200000.0,20062,1680
2021-02-12,0.0,26.083333333333332,0.0,0.0,0.0,556.9400024414062,561.25,550.8499755859375,556.52001953125,2197100.0,0.0,0.0,31420.80078125,31475.310546875,31347.80078125,31458.400390625,263090000.0,13979.2099609375,14102.0400390625,13937.7099609375,14095.4697265625,7352960000.0,22827,1903
2021-02-13,0.0,33.875,0.5833333333333334,0.0,0.0,,,,,,,,,,,,,,,,,,21673,1647
2021-02-14,0.0,28.125,0.375,0.0,0.0,,,,,,,,,,,,,,,,,,21317,1718
2021-02-15,0.0,28.416666666666668,0.0,0.0,0.4583333333333333,,,,,,,,,,,,,,,,,,20175,1616
2021-02-16,0.0,22.291666666666668,0.0,0.0,0.0,557.2899780273438,563.6300048828125,552.72998046875,557.280029296875,2624100.0,0.0,0.0,31472.080078125,31608.630859375,31443.48046875,31522.75,329210000.0,14152.2099609375,14175.1201171875,13995.4501953125,14047.5,7646300000.0,20064,1748
2021-02-17,0.0,18.333333333333332,0.0,0.0,0.0,550.989990234375,555.25,543.030029296875,551.3400268554688,2069600.0,0.0,0.0,31485.609375,31643.69921875,31338.759765625,31613.01953125,343510000.0,13911.650390625,13976.4296875,13804.259765625,13965.490234375,7227140000.0,19693,1775
2021-02-18,0.0,18.833333333333332,0.3333333333333333,0.0,0.0,549.0,550.0,538.22998046875,548.219970703125,2456200.0,0.0,0.0,31558.599609375,31558.599609375,31285.3203125,31493.33984375,325990000.0,13814.669921875,13905.9599609375,13714.349609375,13865.3603515625,6454280000.0,20378,2030
2021-02-19,0.0,25.583333333333332,0.0,0.0,0.0,548.0,548.989990234375,538.8099975585938,540.219970703125,2841500.0,0.0,0.0,31504.130859375,31647.529296875,31469.33984375,31494.3203125,353070000.0,13929.2001953125,13985.580078125,13842.599609375,13874.4599609375,6686060000.0,20324,1611
2021-02-20,0.0,37.125,0.0,0.0,0.0,,,,,,,,,,,,,,,,,,21005,1596
2021-02-21,0.0,42.833333333333336,0.0,0.0,0.5416666666666666,,,,,,,,,,,,,,,,,,21114,1799
2021-02-22,0.0,29.208333333333332,0.0,0.0,0.0,534.989990234375,541.7899780273438,530.7899780273438,533.780029296875,3078600.0,0.0,0.0,31381.119140625,31653.48046875,31286.5703125,31521.689453125,387210000.0,13714.2001953125,13757.0595703125,13530.9599609375,13533.0498046875,6435100000.0,20720,1898
2021-02-23,0.0,30.5,0.0,0.0,0.0,525.0,548.5399780273438,518.280029296875,546.1500244140625,4136500.0,0.0,0.0,31501.890625,31653.380859375,31158.759765625,31537.349609375,460410000.0,13262.6103515625,13526.08984375,13003.98046875,13465.2001953125,7482840000.0,20434,1803
2021-02-24,0.0,29.75,0.0,0.0,0.0,539.7999877929688,556.8499755859375,539.0700073242188,553.4099731445312,3245000.0,0.0,0.0,31499.75,32009.640625,31421.2890625,31961.859375,410150000.0,13400.25,13607.3603515625,13286.58984375,13597.9697265625,5793430000.0,20055,1852
2021-02-25,0.0,30.25,0.0,0.0,0.0,550.27001953125,556.47998046875,535.75,546.7000122070312,4252900.0,0.0,0.0,31955.939453125,31984.76953125,31293.3203125,31402.009765625,454110000.0,13512.6396484375,13602.8603515625,13066.3798828125,13119.4296875,6335240000.0,21459,1733
2021-02-26,0.0,26.958333333333332,0.0,0.0,0.0,546.510009765625,553.0900268554688,538.0,538.8499755859375,3755600.0,0.0,0.0,31401.2890625,31450.890625,30911.369140625,30932.369140625,532250000.0,13232.900390625,13368.0595703125,13024.5302734375,13192.349609375,5883880000.0,20876,2131
2021-02-27,0.0,35.25,0.0,0.0,0.0,,,,,,,,,,,,,,,,,,20598,1706
2021-02-28,0.0,32.125,0.0,0.0,0.0,,,,,,,,,,,,,,,,,,21793,1771
2021-03-01,0.0,31.0,0.0,0.0,0.0,545.5700073242188,552.1400146484375,542.0,550.6400146484375,3041400.0,0.0,0.0,31065.900390625,31668.33984375,31065.900390625,31535.509765625,385670000.0,13406.16015625,13596.58984375,13362.66015625,13588.830078125,5047710000.0,21989,1985
2021-03-02,0.0,30.416666666666668,0.0,0.0,0.0,553.3400268554688,556.989990234375,546.02001953125,547.8200073242188,3042200.0,0.0,0.0,31535.369140625,31623.26953125,31377.16015625,31391.51953125,337270000.0,13599.4501953125,13601.330078125,13352.0,13358.7900390625,4920320000.0,20742,1973
2021-03-03,0.0,33.958333333333336,0.0,0.0,0.0,545.9299926757812,548.010009765625,517.8099975585938,520.7000122070312,5362400.0,0.0,0.0,31352.9609375,31563.310546875,31260.140625,31270.08984375,409660000.0,13336.25,13372.51953125,12995.0703125,12997.75,5493960000.0,21998,2036
2021-03-04,0.0,22.875,0.0,0.0,0.0,521.5,531.5,507.67999267578125,511.2900085449219,5034800.0,0.0,0.0,31289.009765625,31461.970703125,30547.529296875,30924.140625,537850000.0,12953.990234375,13068.7099609375,12553.9599609375,12723.4697265625,7799710000.0,20728,1812
2021-03-05,0.0,29.291666666666668,1.0416666666666667,0.0,0.0,511.9800109863281,517.760009765625,498.7900085449219,516.3900146484375,5070000.0,0.0,0.0,31029.1796875,31580.330078125,30766.810546875,31496.30078125,501810000.0,12860.0400390625,12941.2099609375,12397.0498046875,12920.150390625,7696900000.0,20805,1636
2021-03-06,0.0,33.416666666666664,0.0,0.0,0.0,,,,,,,,,,,,,,,,,,20851,1562
2021-03-07,0.0,32.416666666666664,0.0,0.0,0.0,,,,,,,,,,,,,,,,,,21814,1738
2021-03-08,0.0,24.916666666666668,0.4166666666666667,0.6666666666666666,0.0,514.4600219726562,518.8400268554688,492.8500061035156,493.3299865722656,3981800.0,0.0,0.0,31512.150390625,32148.0390625,31512.150390625,31802.439453125,496980000.0,12904.259765625,13001.0,12599.23046875,12609.16015625,5971260000.0,20422,1831
2021-03-09,0.0,23.708333333333332,0.375,0.0,0.0,507.30999755859375,513.1099853515625,503.82000732421875,506.44000244140625,3470000.0,0.0,0.0,31892.349609375,32150.3203125,31822.640625,31832.740234375,458690000.0,12923.0703125,13151.5400390625,12882.490234375,13073.8203125,6294910000.0,20425,1707
2021-03-10,0.0,20.541666666666668,0.0,0.5833333333333334,0.0,513.5,518.969970703125,504.25,504.5400085449219,3771500.0,0.0,0.0,31906.9609375,32389.5,31906.9609375,32297.01953125,409110000.0,13234.73046875,13277.1103515625,13035.4404296875,13068.830078125,5991730000.0,21508,1764
2021-03-11,0.0,22.166666666666668,0.0,0.0,0.0,512.2000122070312,530.239990234375,510.7099914550781,523.0599975585938,4714500.0,0.0,0.0,32354.5,32661.58984375,32345.69921875,32485.58984375,400020000.0,13273.3095703125,13433.6201171875,13246.330078125,13398.669921875,5956260000.0,19746,1947
2021-03-12,0.0,31.333333333333332,0.0,0.0,0.0,512.5,526.510009765625,506.5899963378906,518.02001953125,3981700.0,0.0,0.0,32462.400390625,32793.3203125,32462.400390625,32778.640625,346400000.0,13222.8095703125,13324.6904296875,13158.7197265625,13319.8603515625,5472340000.0,21451,2618
2021-03-13,0.0,46.083333333333336,0.0,0.0,0.0,,,,,,,,,,,,,,,,,,20659,2036
2021-03-14,0.0,37.208333333333336,0.2916666666666667,0.16666666666666666,0.0,,,,,,,,,,,,,,,,,,21081,1817
2021-03-15,0.0,27.666666666666668,0.0,0.0,0.0,516.3200073242188,520.72998046875,508.0299987792969,520.25,3484300.0,0.0,0.0,32798.83984375,32973.3984375,32629.75,32953.4609375,360080000.0,13323.4697265625,13460.349609375,13272.5,13459.7099609375,5933440000.0,20963,1924
2021-03-16,0.0,24.708333333333332,0.20833333333333334,0.0,0.0,524.469970703125,533.4199829101562,523.2100219726562,524.030029296875,3238900.0,0.0,0.0,32966.75,32966.75,32778.23046875,32825.94921875,386370000.0,13523.169921875,13620.7099609375,13397.080078125,13471.5703125,5463770000.0,20711,2200
2021-03-17,0.0,23.291666666666668,0.20833333333333334,0.08333333333333333,0.0,522.0,528.3699951171875,514.2999877929688,524.4400024414062,2817400.0,0.0,0.0,32825.51953125,33047.578125,32782.1796875,33015.37109375,391200000.0,13336.91015625,13595.0,13272.6904296875,13525.2001953125,5465500000.0,19951,2340
2021-03-18,0.0,22.75,0.0,0.0,0.0,516.4000244140625,517.9000244140625,503.8500061035156,504.7900085449219,4094500.0,0.0,0.0,32928.16015625,33227.78125,32831.25,32862.30078125,418480000.0,13349.2001953125,13384.4599609375,13101.919921875,13116.169921875,5699900000.0,20410,2387
2021-03-19,0.0,19.291666666666668,0.375,0.0,0.0,504.9599914550781,513.1900024414062,501.6300048828125,512.1799926757812,4386400.0,0.0,0.0,32858.359375,32858.359375,32505.0703125,32627.970703125,811890000.0,13119.900390625,13252.3701171875,13039.4501953125,13215.240234375,7591530000.0,21344,2327
2021-03-20,0.0,32.791666666666664,0.0,0.0,0.0,,,,,,,,,,,,,,,,,,21381,2513
2021-03-21,0.0,33.25,0.0,0.0,0.0,,,,,,,,,,,,,,,,,,21364,2767
2021-03-22,0.0,25.0,0.0,0.0,0.0,509.1300048828125,529.3099975585938,509.1300048828125,523.1099853515625,3360600.0,0.0,0.0,32601.8203125,32810.3515625,32512.529296875,32731.19921875,383500000.0,13278.7802734375,13455.6396484375,13278.7802734375,13377.5400390625,5302770000.0,20960,2647
2021-03-23,0.0,19.791666666666668,0.6666666666666666,0.0,0.0,529.8699951171875,543.1199951171875,529.4000244140625,535.0900268554688,5583500.0,0.0,0.0,32691.5,32753.76953125,32356.279296875,32423.150390625,385840000.0,13381.4296875,13405.150390625,13202.4296875,13227.7001953125,5607860000.0,20901,2349
2021-03-24,0.0,23.958333333333332,0.0,0.0,0.0,533.780029296875,534.4199829101562,520.0,520.8099975585938,4102200.0,0.0,0.0,32470.880859375,32787.98828125,32418.150390625,32420.060546875,399390000.0,13289.240234375,13292.919921875,12961.349609375,12961.8896484375,6184470000.0,20492,2293
2021-03-25,0.0,21.0,0.3333333333333333,0.0,0.0,516.989990234375,518.530029296875,497.0,502.8599853515625,4926800.0,0.0,0.0,32346.810546875,32672.689453125,32071.41015625,32619.48046875,411990000.0,12844.580078125,13021.8603515625,12786.8095703125,12977.6796875,5608640000.0,20487,2036
2021-03-26,0.0,20.791666666666668,0.375,0.0,0.0,502.82000732421875,508.7200012207031,496.67999267578125,508.04998779296875,3467800.0,0.0,0.0,32681.0703125,33098.828125,32681.0703125,33072.87890625,382170000.0,12996.0302734375,13149.5498046875,12878.7197265625,13138.73046875,5195330000.0,20848,1848
2021-03-27,0.0,25.083333333333332,0.0,0.0,0.0,,,,,,,,,,,,,,,,,,24257,1804
2021-03-28,0.0,33.833333333333336,0.0,0.0,0.0,,,,,,,,,,,,,,,,,,21582,2050
2021-03-29,0.0,25.416666666666668,0.5416666666666666,0.0,0.0,505.6600036621094,518.0,504.3999938964844,513.9500122070312,3330000.0,0.0,0.0,33087.55078125,33259.0,32905.12890625,33171.37109375,351610000.0,13103.9697265625,13143.41015625,12968.16015625,13059.650390625,4934000000.0,20048,2051
2021-03-30,0.0,20.0,0.0,0.0,0.0,510.510009765625,514.4099731445312,506.9100036621094,513.3900146484375,2418100.0,0.0,0.0,33127.87890625,33170.9296875,32988.921875,33066.9609375,307510000.0,13008.7998046875,13075.75,12922.5703125,13045.3896484375,4685320000.0,19398,1856
2021-03-31,0.0,22.583333333333332,0.5,0.0,0.0,515.6699829101562,528.1300048828125,515.4400024414062,521.6599731445312,3503100.0,0.0,0.0,33116.0390625,33173.76953125,32980.5703125,32981.55078125,414140000.0,13122.5703125,13325.5400390625,13118.3798828125,13246.8701171875,4980670000.0,20082,1886
2021-04-01,0.0,28.458333333333332,0.0,0.0,0.0,529.9299926757812,540.5,527.030029296875,539.4199829101562,3938600.0,0.0,0.0,33054.578125,33167.171875,32985.3515625,33153.2109375,311880000.0,13414.3203125,13487.080078125,13404.1796875,13480.1103515625,4553470000.0,20891,2067
2021-04-02,0.0,27.041666666666668,0.0,0.0,0.4166666666666667,,,,,,,,,,,,,,,,,,21074,1850
2021-04-03,0.0,43.375,0.625,0.0,0.0,,,,,,,,,,,,,,,,,,20365,1749
2021-04-04,0.0,27.75,0.0,0.0,0.0,,,,,,,,,,,,,,,,,,20917,1910
2021-04-05,0.0,28.916666666666668,0.375,0.0,0.0,540.010009765625,542.8499755859375,529.22998046875,540.6699829101562,3355900.0,0.0,0.0,33222.37890625,33617.94921875,33222.37890625,33527.19140625,344270000.0,13594.900390625,13720.580078125,13582.759765625,13705.58984375,4439970000.0,21761,2232
2021-04-06,0.0,21.875,0.375,0.0,0.0,544.8099975585938,554.1699829101562,543.2999877929688,544.530029296875,3474200.0,0.0,0.0,33500.01953125,33544.7890625,33380.4296875,33430.23828125,297940000.0,13681.669921875,13776.7099609375,13674.2802734375,13698.3798828125,4038510000.0,20856,1993
2021-04-07,0.0,29.291666666666668,0.375,0.0,0.0,543.5,549.6400146484375,541.4500122070312,546.989990234375,2151300.0,0.0,0.0,33444.98046875,33521.76171875,33347.9609375,33446.26171875,273440000.0,13675.2998046875,13733.0302734375,13653.58984375,13688.83984375,4078990000.0,21856,2009
2021-04-08,0.0,23.041666666666668,0.5833333333333334,0.0,0.0,551.1300048828125,556.9000244140625,547.5700073242188,554.5800170898438,4309800.0,0.0,0.0,33469.890625,33506.80078125,33342.640625,33503.5703125,304040000.0,13796.8896484375,13830.1396484375,13758.7099609375,13829.3095703125,4133640000.0,23187,1893
2021-04-09,0.0,30.083333333333332,0.0,0.0,0.0,552.6900024414062,556.9000244140625,547.1099853515625,555.3099975585938,2894000.0,0.0,0.0,33526.19140625,33810.87109375,33526.19140625,33800.6015625,316410000.0,13787.01953125,13905.41015625,13748.349609375,13900.1904296875,3906460000.0,21294,1747
2021-04-10,0.0,25.541666666666668,0.0,0.0,0.0,,,,,,,,,,,,,,,,,,21123,1732
2021-04-11,0.0,30.458333333333332,0.0,0.0,0.0,,,,,,,,,,,,,,,,,,21114,1959
2021-04-12,0.0,25.0,0.4583333333333333,0.0,0.0,551.0499877929688,557.97998046875,549.5800170898438,552.780029296875,2944100.0,0.0,0.0,33775.05859375,33786.19140625,33665.5390625,33745.3984375,327370000.0,13854.4404296875,13877.0,13783.9501953125,13850.0,4230160000.0,20265,1790
2021-04-13,0.0,24.0,0.0,0.4583333333333333,0.0,557.0,559.75,550.2999877929688,553.72998046875,2720300.0,0.0,0.0,33721.16015625,33741.640625,33545.83984375,33677.26953125,324480000.0,13902.4501953125,14011.509765625,13902.4501953125,13996.099609375,4200290000.0,21280,1836
2021-04-14,0.0,26.916666666666668,0.0,0.0,0.0,554.8699951171875,554.8699951171875,538.530029296875,540.02001953125,3740300.0,0.0,0.0,33668.94921875,33911.25,33668.94921875,33730.890625,315330000.0,14004.080078125,14033.6298828125,13839.0400390625,13857.83984375,4102380000.0,18783,1795
2021-04-15,0.0,23.708333333333332,0.4166666666666667,0.0,0.0,544.1699829101562,553.489990234375,542.6599731445312,549.219970703125,3139100.0,0.0,0.0,33788.53125,34068.73046875,33788.53125,34035.98828125,319680000.0,13983.23046875,14049.1298828125,13970.419921875,14038.759765625,4382620000.0,14637,1738
2021-04-16,0.0,21.333333333333332,0.0,0.0,0.0,550.5399780273438,551.97998046875,539.510009765625,546.5399780273438,3209100.0,0.0,0.0,34058.16015625,34256.75,34058.16015625,34200.671875,343760000.0,14059.1103515625,14062.5,13977.0498046875,14052.33984375,4414640000.0,14085,1724
2021-04-17,0.0,27.0,0.0,0.0,0.0,,,,,,,,,,,,,,,,,,14200,1546
2021-04-18,0.0,27.958333333333332,0.0,0.0,0.5416666666666666,,,,,,,,,,,,,,,,,,14747,1918
2021-04-19,0.0,29.291666666666668,0.0,0.0,0.0,546.9000244140625,556.4400024414062,545.530029296875,554.4400024414062,4288700.0,0.0,0.0,34182.37890625,34182.37890625,33980.55859375,34077.62890625,312540000.0,13984.580078125,14041.7900390625,13842.5703125,13914.76953125,4349340000.0,14607,1953
2021-04-20,0.0,27.333333333333332,0.4166666666666667,0.0,0.0,554.4199829101562,563.5599975585938,546.2999877929688,549.5700073242188,11257600.0,0.0,0.0,34034.1796875,34034.1796875,33687.01171875,33821.30078125,350960000.0,13894.4599609375,13927.669921875,13698.669921875,13786.26953125,4229410000.0,14756,2341
2021-04-21,0.0,28.875,1.3333333333333333,0.0,0.0,508.0,515.4600219726562,503.6000061035156,508.8999938964844,22897400.0,0.0,0.0,33808.30078125,34160.33984375,33773.80078125,34137.30859375,290300000.0,13745.76953125,13951.349609375,13706.8603515625,13950.2197265625,3967090000.0,16566,3316
2021-04-22,0.0,31.041666666666668,0.7916666666666666,0.0,0.0,513.8200073242188,513.9600219726562,500.54998779296875,508.7799987792969,9061100.0,0.0,0.0,34109.87890625,34126.5703125,33717.19140625,33815.8984375,344470000.0,13952.5703125,14015.8701171875,13771.0400390625,13818.41015625,4397030000.0,15351,2156
2021-04-23,0.0,32.25,0.75,0.0,0.0,509.010009765625,509.70001220703125,500.70001220703125,505.54998779296875,7307700.0,0.0,0.0,33804.51953125,34157.5703125,33713.2890625,34043.48828125,346380000.0,13861.3701171875,14062.740234375,13856.830078125,14016.8095703125,4332500000.0,14250,1932
2021-04-24,0.0,42.875,0.6666666666666666,0.0,0.0,,,,,,,,,,,,,,,,,,14635,2167
2021-04-25,0.0,39.75,0.5416666666666666,0.0,0.0,,,,,,,,,,,,,,,,,,16180,2923
2021-04-26,0.0,39.75,1.0416666666666667,0.0,0.0,506.760009765625,510.4800109863281,503.0,510.29998779296875,4388800.0,0.0,0.0,34044.23046875,34148.94140625,33941.37109375,33981.5703125,279300000.0,14052.3798828125,14154.0302734375,14019.5,14138.7802734375,4479480000.0,16841,2599
2021-04-27,0.0,31.25,0.0,0.0,0.0,512.6199951171875,512.989990234375,504.5799865722656,505.54998779296875,3761300.0,0.0,0.0,33932.12890625,34043.98046875,33870.4609375,33984.9296875,289030000.0,14170.91015625,14171.240234375,14064.2802734375,14090.2197265625,4665430000.0,15615,2143
2021-04-28,0.0,27.5,0.0,0.0,0.0,505.20001220703125,508.3999938964844,503.3399963378906,506.5199890136719,3193000.0,0.0,0.0,33860.4609375,33946.6015625,33805.55859375,33820.37890625,335820000.0,14082.7802734375,14133.650390625,14034.7001953125,14051.0302734375,4532050000.0,14860,2036
2021-04-29,0.0,29.458333333333332,0.4583333333333333,0.0,0.0,507.6000061035156,509.2900085449219,499.0,509.0,5127800.0,0.0,0.0,33855.640625,34087.2109375,33744.28125,34060.359375,408450000.0,14204.509765625,14211.5703125,13952.7998046875,14082.5498046875,4854340000.0,14413,1694
2021-04-30,0.0,34.125,0.0,0.0,0.0,505.0,514.5499877929688,505.0,513.469970703125,4413200.0,0.0,0.0,33988.75,33988.75,33784.9609375,33874.8515625,374890000.0,13970.73046875,14084.759765625,13941.6298828125,13962.6796875,4762770000.0,14309,1699
2021-05-01,0.0,31.458333333333332,0.0,0.0,0.0,,,,,,,,,,,,,,,,,,15238,1680
2021-05-02,0.0,36.333333333333336,0.0,0.0,0.0,,,,,,,,,,,,,,,,,,14279,1893
2021-05-03,0.0,20.166666666666668,0.0,0.0,0.0,512.6500244140625,518.9500122070312,505.20001220703125,509.1099853515625,4091900.0,0.0,0.0,33904.890625,34221.05859375,33904.890625,34113.23046875,289770000.0,14031.76953125,14042.1201171875,13881.509765625,13895.1201171875,4718850000.0,14457,1845
2021-05-04,0.0,25.916666666666668,0.0,0.0,0.0,510.7799987792969,511.6300048828125,496.7900085449219,503.17999267578125,4349500.0,0.0,0.0,34080.19921875,34147.78125,33765.6796875,34133.03125,407860000.0,13774.509765625,13795.5703125,13485.58984375,13633.5,5852850000.0,13857,1773
2021-05-05,0.0,28.458333333333332,0.0,0.0,0.0,504.989990234375,507.7799987792969,494.6300048828125,496.0799865722656,3129400.0,0.0,0.0,34163.98828125,34331.19921875,34039.66015625,34230.33984375,253180000.0,13731.1298828125,13753.0498046875,13553.9296875,13582.419921875,4517100000.0,13725,1717
2021-05-06,0.0,17.791666666666668,1.2083333333333333,0.0,0.0,495.989990234375,499.54998779296875,491.3699951171875,499.54998779296875,3783700.0,0.0,0.0,34245.109375,34561.2890625,34185.05859375,34548.53125,315430000.0,13557.830078125,13635.73046875,13439.3896484375,13632.83984375,5000710000.0,13375,1593
2021-05-07,0.0,27.166666666666668,0.0,0.0,0.0,504.6199951171875,508.54998779296875,501.1199951171875,503.8399963378906,3132800.0,0.0,0.0,34578.26953125,34811.390625,34464.30859375,34777.76171875,303400000.0,13723.08984375,13828.6201171875,13690.75,13752.240234375,4376800000.0,13476,1544
2021-05-08,0.0,34.833333333333336,0.0,0.0,0.0,,,,,,,,,,,,,,,,,,13996,1698
2021-05-09,0.0,29.208333333333332,0.75,0.0,0.0,,,,,,,,,,,,,,,,,,13442,1659
2021-05-10,0.0,32.25,0.0,0.0,0.0,502.0,503.1499938964844,486.1099853515625,486.69000244140625,5131600.0,0.0,0.0,34785.26953125,35091.55859375,34741.5703125,34742.8203125,361620000.0,13687.58984375,13687.9296875,13401.740234375,13401.8603515625,4795690000.0,13994,1878
2021-05-11,0.0,21.416666666666668,0.5833333333333334,0.0,0.0,479.75,497.989990234375,478.6300048828125,495.0799865722656,4401000.0,0.0,0.0,34572.73828125,34572.73828125,34075.30859375,34269.16015625,413180000.0,13115.849609375,13423.3095703125,13107.669921875,13389.4296875,4719720000.0,13397,1745
2021-05-12,0.0,24.833333333333332,0.6666666666666666,0.0,0.0,486.8299865722656,493.5400085449219,482.70001220703125,484.9800109863281,4121500.0,0.0,0.0,34206.3984375,34207.87109375,33555.21875,33587.66015625,381350000.0,13215.490234375,13288.6103515625,13002.5400390625,13031.6796875,4730740000.0,13148,1573
2021-05-13,0.0,26.916666666666668,0.0,0.0,0.0,489.1300048828125,490.7799987792969,482.7099914550781,486.6600036621094,2712500.0,0.0,0.0,33624.73828125,34181.76953125,33623.48828125,34021.44921875,350820000.0,13150.9404296875,13247.8701171875,13007.240234375,13124.990234375,4681530000.0,14062,1471
2021-05-14,0.0,32.875,0.0,0.0,0.0,487.8599853515625,494.8500061035156,486.5899963378906,493.3699951171875,2882500.0,0.0,0.0,34050.859375,34454.05078125,34050.859375,34382.12890625,303230000.0,13255.650390625,13460.8798828125,13242.9697265625,13429.98046875,4008110000.0,14346,1593
2021-05-15,0.0,30.958333333333332,0.0,0.0,0.0,,,,,,,,,,,,,,,,,,13583,1475
2021-05-16,0.0,26.791666666666668,0.0,0.0,0.0,,,,,,,,,,,,,,,,,,13775,1695
2021-05-17,0.0,24.25,0.0,0.0,0.0,485.5899963378906,492.7099914550781,482.80999755859375,488.94000244140625,2705200.0,0.0,0.0,34375.2890625,34383.83984375,34176.6484375,34327.7890625,291910000.0,13368.7998046875,13399.169921875,13265.400390625,13379.0498046875,3980630000.0,14049,1815
2021-05-18,0.0,21.5,0.4166666666666667,0.0,0.0,488.3999938964844,493.4800109863281,486.19000244140625,486.2799987792969,2350500.0,0.0,0.0,34351.1796875,34408.98828125,34044.1015625,34060.66015625,289590000.0,13416.900390625,13485.33984375,13299.9296875,13303.6396484375,4283680000.0,14325,1745
2021-05-19,0.0,26.208333333333332,0.0,0.7083333333333334,0.0,481.6300048828125,488.57000732421875,478.5400085449219,487.70001220703125,3349900.0,0.0,0.0,33945.80859375,33945.80859375,33473.80078125,33896.0390625,348480000.0,13078.1904296875,13304.6103515625,13072.23046875,13299.740234375,4314980000.0,14008,1665
2021-05-20,0.0,19.75,0.0,0.0,0.0,489.54998779296875,502.70001220703125,488.9800109863281,501.6700134277344,3721200.0,0.0,0.0,33906.30078125,34233.3984375,33872.41015625,34084.1484375,320150000.0,13356.6298828125,13563.51953125,13355.7099609375,13535.740234375,3972730000.0,13775,1621
2021-05-21,0.0,32.875,0.0,0.0,0.0,503.1199951171875,505.3999938964844,497.260009765625,497.8900146484375,3322900.0,0.0,0.0,34121.91015625,34415.48046875,34121.91015625,34207.83984375,306360000.0,13616.1904296875,13616.580078125,13463.259765625,13470.990234375,3704590000.0,15017,2705
2021-05-22,0.0,37.5,0.0,0.0,0.0,,,,,,,,,,,,,,,,,,13873,2806
2021-05-23,0.0,39.291666666666664,0.0,0.0,0.0,,,,,,,,,,,,,,,,,,14866,2274
2021-05-24,0.0,30.208333333333332,0.0,0.0,0.0,501.04998779296875,504.25,499.510009765625,502.8999938964844,2412600.0,0.0,0.0,34253.87109375,34472.51171875,34253.87109375,34393.98046875,251010000.0,13557.2099609375,13708.849609375,13551.009765625,13661.169921875,3490650000.0,14634,2014
2021-05-25,0.0,30.0,0.0,0.0,0.0,506.0,506.3699951171875,499.2200012207031,501.3399963378906,2699500.0,0.0,0.0,34428.66015625,34511.3515625,34266.03125,34312.4609375,285760000.0,13721.5400390625,13751.1396484375,13631.7998046875,13657.169921875,4084480000.0,15325,1918
2021-05-26,0.0,33.125,0.0,0.0,0.0,502.3399963378906,504.1400146484375,500.5,502.3599853515625,2465300.0,0.0,0.0,34336.33984375,34409.58984375,34271.44140625,34323.05078125,258780000.0,13693.9404296875,13750.16015625,13679.58984375,13738.0,4231140000.0,14559,1996
2021-05-27,0.0,25.583333333333332,0.0,0.0,0.0,501.79998779296875,505.1000061035156,498.5400085449219,503.8599853515625,3253800.0,0.0,0.0,34432.46875,34608.8203125,34389.23828125,34464.640625,520630000.0,13742.58984375,13776.51953125,13701.6298828125,13736.2802734375,5057550000.0,14117,1843
2021-05-28,0.0,30.708333333333332,0.7916666666666666,0.0,0.0,504.3999938964844,511.760009765625,502.5299987792969,502.80999755859375,2910300.0,0.0,0.0,34558.5,34631.109375,34520.08984375,34529.44921875,290850000.0,13792.0498046875,13820.8701171875,13747.6103515625,13748.740234375,4435220000.0,15893,1578
2021-05-29,0.0,29.0,0.0,0.0,0.0,,,,,,,,,,,,,,,,,,14275,1477
2021-05-30,0.0,43.458333333333336,0.0,0.0,0.0,,,,,,,,,,,,,,,,,,14555,1554
2021-05-31,0.0,27.708333333333332,0.0,0.0,0.0,,,,,,,,,,,,,,,,,,14008,1640
2021-06-01,0.0,37.375,0.0,0.0,0.0,504.010009765625,505.4100036621094,497.739990234375,499.0799865722656,2482600.0,0.0,0.0,34584.19140625,34849.3203125,34542.87109375,34575.30859375,287700000.0,13829.0595703125,13836.169921875,13678.76953125,13736.48046875,4155670000.0,13748,1668
2021-06-02,0.0,36.25,0.0,0.625,0.0,499.82000732421875,503.2200012207031,495.82000732421875,499.239990234375,2269000.0,0.0,0.0,34614.62109375,34706.6484375,34545.9609375,34600.37890625,263810000.0,13743.240234375,13775.8896484375,13689.740234375,13756.330078125,5059810000.0,13427,1598
2021-06-03,0.0,29.416666666666668,0.9166666666666666,0.0,0.0,495.19000244140625,496.6600036621094,487.25,489.42999267578125,3887400.0,0.0,0.0,34550.30859375,34667.41015625,34334.41015625,34577.0390625,297380000.0,13655.75,13684.1298828125,13548.9296875,13614.509765625,5367460000.0,13358,1530
2021-06-04,0.0,32.0,0.0,0.0,0.0,492.0,501.8599853515625,490.95001220703125,494.739990234375,3160500.0,0.0,0.0,34618.69140625,34772.12109375,34618.69140625,34756.390625,270050000.0,13697.25,13826.8203125,13692.009765625,13814.490234375,4341800000.0,14907,1485
2021-06-05,0.0,32.291666666666664,0.0,0.0,0.0,,,,,,,,,,,,,,,,,,13420,1341
2021-06-06,0.0,36.916666666666664,0.5416666666666666,0.0,0.0,,,,,,,,,,,,,,,,,,14153,1504
2021-06-07,0.0,29.25,0.0,0.0,0.0,492.9200134277344,496.70001220703125,490.54998779296875,494.6600036621094,2791900.0,0.0,0.0,34766.19921875,34820.91015625,34574.51171875,34630.23828125,259120000.0,13802.8203125,13889.1103515625,13784.8896484375,13881.7197265625,4602940000.0,14092,1541
2021-06-08,0.0,32.416666666666664,0.7083333333333334,0.0,0.0,497.0,498.82000732421875,489.3699951171875,492.3900146484375,2374000.0,0.0,0.0,34645.83984375,34665.37890625,34452.94140625,34599.8203125,289440000.0,13946.3203125,13981.7197265625,13831.98046875,13924.91015625,5894140000.0,13576,1592
2021-06-09,0.0,31.541666666666668,0.5416666666666666,0.0,0.0,494.5,496.0899963378906,484.6499938964844,485.80999755859375,3055000.0,0.0,0.0,34626.16015625,34654.671875,34439.37109375,34447.140625,245100000.0,13980.23046875,14003.5,13906.4501953125,13911.75,5607720000.0,13535,1549
2021-06-10,0.0,32.083333333333336,0.0,0.0,0.0,487.1700134277344,490.2099914550781,482.1400146484375,487.2699890136719,4382900.0,0.0,0.0,34502.51171875,34737.7890625,34447.25,34466.23828125,309310000.0,13933.8798828125,14031.1904296875,13904.400390625,14020.330078125,4889500000.0,13240,1554
2021-06-11,0.0,32.041666666666664,0.0,0.0,0.0,490.0,491.4100036621094,487.7799987792969,488.7699890136719,3124000.0,0.0,0.0,34499.80859375,34618.08984375,34328.6484375,34479.6015625,260840000.0,14030.849609375,14069.419921875,14006.58984375,14069.419921875,4140190000.0,13308,1439
2021-06-12,0.0,29.583333333333332,0.0,0.0,0.0,,,,,,,,,,,,,,,,,,13130,1404
2021-06-13,0.0,27.625,0.0,0.0,0.0,,,,,,,,,,,,,,,,,,13922,1406
2021-06-14,0.0,29.958333333333332,0.0,0.0,0.0,489.67999267578125,503.5,486.9100036621094,499.8900146484375,4400200.0,0.0,0.0,34472.51953125,34472.51953125,34211.5390625,34393.75,295530000.0,14083.4697265625,14175.4501953125,14056.669921875,14174.1396484375,4394380000.0,13909,1843
2021-06-15,0.0,26.541666666666668,0.0,0.0,0.0,501.2300109863281,501.2300109863281,490.3999938964844,491.8999938964844,3104100.0,0.0,0.0,34397.1015625,34420.37890625,34199.16015625,34299.328125,272430000.0,14166.6396484375,14171.01953125,14052.16015625,14072.8603515625,4517770000.0,13063,1599
2021-06-16,0.0,30.333333333333332,0.0,0.0,0.0,495.0,496.4599914550781,486.2799987792969,492.4100036621094,3533200.0,0.0,0.0,34308.48046875,34333.25,33917.109375,34033.671875,347150000.0,14085.5498046875,14129.6904296875,13903.73046875,14039.6796875,4632480000.0,12267,1513
2021-06-17,0.0,28.625,0.0,0.0,0.0,490.25,501.79998779296875,490.1499938964844,498.3399963378906,3198300.0,0.0,0.0,34014.37890625,34091.7890625,33626.609375,33823.44921875,354690000.0,13999.1298828125,14196.2099609375,13998.9296875,14161.349609375,4526780000.0,12728,1535
2021-06-18,0.0,26.875,0.0,0.0,0.0,496.3999938964844,504.489990234375,495.239990234375,500.7699890136719,5197600.0,0.0,0.0,33622.69921875,33622.69921875,33271.9296875,33290.078125,563920000.0,14096.9296875,14129.2197265625,14009.0400390625,14030.3798828125,6105960000.0,14582,1528
2021-06-19,0.0,35.583333333333336,0.0,0.0,0.0,,,,,,,,,,,,,,,,,,13238,1493
2021-06-20,0.0,35.791666666666664,0.4583333333333333,0.0,0.0,,,,,,,,,,,,,,,,,,13641,1585
2021-06-21,0.0,31.708333333333332,0.7083333333333334,0.0,0.0,501.6400146484375,502.04998779296875,492.2799987792969,497.0,5277300.0,0.0,0.0,33312.0703125,33908.08984375,33312.0703125,33876.96875,317260000.0,14047.419921875,14150.7802734375,13960.0400390625,14141.48046875,4523120000.0,13400,1660
2021-06-22,0.0,31.291666666666668,0.0,0.0,0.0,498.5400085449219,513.5499877929688,495.79998779296875,508.82000732421875,5809300.0,0.0,0.0,33872.55859375,34040.69921875,33751.05859375,33945.578125,284130000.0,14138.2900390625,14269.76953125,14121.0,14253.26953125,4405260000.0,13195,1753
2021-06-23,0.0,26.375,0.0,0.4166666666666667,0.0,508.4800109863281,516.6300048828125,508.20001220703125,512.739990234375,3944800.0,0.0,0.0,33948.5390625,34009.3984375,33869.828125,33874.23828125,255280000.0,14263.3798828125,14317.66015625,14246.2998046875,14271.73046875,4394600000.0,12834,1602
2021-06-24,0.0,30.958333333333332,0.0,0.0,0.0,517.9600219726562,520.9600219726562,514.4000244140625,518.0599975585938,3361200.0,0.0,0.0,33933.91015625,34233.01953125,33933.91015625,34196.8203125,275870000.0,14357.26953125,14414.4599609375,14333.7001953125,14369.7099609375,4297280000.0,16829,1892
2021-06-25,0.0,19.041666666666668,0.375,0.0,0.0,528.8400268554688,533.0599975585938,525.0,527.0700073242188,5299100.0,0.0,0.0,34328.1015625,34501.01953125,34314.80078125,34433.83984375,432550000.0,14400.8095703125,14409.080078125,14337.650390625,14360.3896484375,7436800000.0,13765,1679
2021-06-26,0.0,25.75,0.0,0.0,0.0,,,,,,,,,,,,,,,,,,12382,1535
2021-06-27,0.0,31.833333333333332,0.0,0.0,0.0,,,,,,,,,,,,,,,,,,12908,1546
2021-06-28,0.0,27.25,0.0,0.0,0.0,528.1199951171875,533.9400024414062,524.5599975585938,533.030029296875,2820200.0,0.0,0.0,34428.1015625,34449.6484375,34186.12890625,34283.26953125,280280000.0,14417.8095703125,14505.1904296875,14417.2001953125,14500.509765625,4235620000.0,12254,1561
2021-06-29,0.0,24.875,0.0,0.0,0.0,533.5499877929688,536.1300048828125,528.5700073242188,533.5,2314600.0,0.0,0.0,34338.890625,34469.828125,34266.828125,34292.2890625,282360000.0,14509.1904296875,14535.9697265625,14471.3798828125,14528.330078125,4842860000.0,12518,1582
2021-06-30,0.0,20.5,0.0,0.0,0.0,534.0599975585938,534.3800048828125,526.8200073242188,528.2100219726562,2773400.0,0.0,0.0,34290.73828125,34553.16015625,34245.48046875,34502.51171875,295560000.0,14509.849609375,14526.8095703125,14478.0595703125,14503.9501953125,5264790000.0,15135,1674
2021-07-01,0.0,24.416666666666668,0.0,0.0,0.0,525.719970703125,537.0399780273438,525.719970703125,533.5399780273438,2805400.0,0.0,0.0,34507.3203125,34640.28125,34498.8515625,34633.53125,268280000.0,14493.6904296875,14533.5498046875,14439.400390625,14522.3798828125,4371620000.0,32642,1661
2021-07-02,0.0,24.958333333333332,0.0,0.0,0.0,535.5,538.5399780273438,529.3900146484375,533.97998046875,1975500.0,0.0,0.0,34642.421875,34821.9296875,34613.48828125,34786.3515625,301860000.0,14582.98046875,14649.1103515625,14555.33984375,14639.330078125,3731730000.0,33301,1600
2021-07-03,0.0,34.625,0.0,0.0,0.0,,,,,,,,,,,,,,,,,,34699,1659
2021-07-04,0.0,28.333333333333332,0.0,0.0,0.0,,,,,,,,,,,,,,,,,,34606,1706
2021-07-05,0.0,21.75,0.0,0.0,0.4166666666666667,,,,,,,,,,,,,,,,,,34013,1648
2021-07-06,0.0,28.208333333333332,0.375,0.0,0.0,533.0,542.8599853515625,533.0,541.6400146484375,2775100.0,0.0,0.0,34790.16015625,34814.19921875,34358.421875,34577.37109375,348430000.0,14661.5498046875,14687.0,14529.7998046875,14663.6396484375,4464780000.0,34326,1887
2021-07-07,0.0,23.416666666666668,0.5833333333333334,0.0,0.0,544.239990234375,544.6400146484375,531.6599731445312,535.9600219726562,2722500.0,0.0,0.0,34604.171875,34708.78125,34435.58984375,34681.7890625,302700000.0,14753.41015625,14755.330078125,14580.7900390625,14665.0595703125,4582030000.0,31916,1894
2021-07-08,0.0,22.541666666666668,0.5833333333333334,0.0,0.0,530.9299926757812,535.5,529.0900268554688,530.760009765625,3269000.0,0.0,0.0,34569.01171875,34569.01171875,34145.58984375,34421.9296875,335690000.0,14409.2001953125,14610.0595703125,14371.58984375,14559.7802734375,4550600000.0,32868,1761
2021-07-09,0.0,26.666666666666668,0.0,0.0,0.0,531.0,538.260009765625,528.5800170898438,535.97998046875,2777200.0,0.0,0.0,34457.51171875,34893.71875,34457.51171875,34870.16015625,301750000.0,14578.4296875,14710.2001953125,14552.259765625,14701.919921875,3809040000.0,34000,1639
2021-07-10,0.0,34.166666666666664,0.0,0.0,0.0,,,,,,,,,,,,,,,,,,34384,1685
2021-07-11,0.0,18.708333333333332,0.0,0.0,0.0,,,,,,,,,,,,,,,,,,32826,1505
2021-07-12,0.0,27.291666666666668,0.0,0.0,0.4166666666666667,540.2999877929688,540.6500244140625,532.9199829101562,537.3099975585938,1780700.0,0.0,0.0,34836.75,35014.8984375,34730.1484375,34996.1796875,294800000.0,14743.8603515625,14761.080078125,14672.6298828125,14733.240234375,3864500000.0,32141,1561
2021-07-13,0.0,21.166666666666668,0.0,0.0,0.0,535.760009765625,545.3300170898438,535.760009765625,540.6799926757812,2751600.0,0.0,0.0,34959.9609375,35018.7890625,34876.890625,34888.7890625,322430000.0,14715.1298828125,14803.6796875,14660.1904296875,14677.650390625,4553380000.0,31615,1740
2021-07-14,0.0,19.25,0.0,0.0,0.0,541.010009765625,554.0999755859375,541.010009765625,547.9500122070312,4659500.0,0.0,0.0,34920.828125,35069.1796875,34826.87109375,34933.23046875,344340000.0,14780.900390625,14790.5498046875,14632.9501953125,14644.9501953125,4461730000.0,31492,1700
2021-07-15,0.0,27.458333333333332,0.375,0.0,0.0,553.969970703125,557.5399780273438,538.2000122070312,542.9500122070312,5713900.0,0.0,0.0,34924.80859375,34990.41015625,34762.87109375,34987.01953125,320450000.0,14635.7802734375,14650.3701171875,14451.7998046875,14543.1298828125,4493540000.0,33129,1967
2021-07-16,0.0,25.083333333333332,0.0,0.0,0.0,541.8099975585938,544.0599975585938,527.0499877929688,530.3099975585938,3442100.0,0.0,0.0,35007.94140625,35090.01171875,34647.8203125,34687.8515625,322980000.0,14597.509765625,14623.01953125,14413.3203125,14427.240234375,4048940000.0,32195,1736
2021-07-17,0.0,27.208333333333332,0.0,0.0,0.0,,,,,,,,,,,,,,,,,,33165,1687
2021-07-18,0.0,24.125,0.0,0.0,0.0,,,,,,,,,,,,,,,,,,33062,1748
2021-07-19,0.0,25.5,0.5416666666666666,0.3333333333333333,0.0,526.0499877929688,534.9099731445312,522.239990234375,532.280029296875,3885800.0,0.0,0.0,34528.48046875,34528.48046875,33741.76171875,33962.0390625,440440000.0,14235.98046875,14313.599609375,14178.66015625,14274.98046875,4507040000.0,33204,1860
2021-07-20,0.0,27.0,0.6666666666666666,0.0,0.0,526.0700073242188,536.6400146484375,520.2999877929688,531.0499877929688,6930400.0,0.0,0.0,33981.7890625,34621.7890625,33981.7890625,34511.98828125,387020000.0,14330.4599609375,14555.75,14271.23046875,14498.8798828125,4618980000.0,31461,2107
2021-07-21,0.0,22.875,0.375,0.375,0.0,526.1300048828125,530.989990234375,505.6099853515625,513.6300048828125,11906800.0,0.0,0.0,34556.9609375,34820.23828125,34556.9609375,34798.0,317090000.0,14508.75,14633.1396484375,14498.650390625,14631.9501953125,4075150000.0,31542,2378
2021-07-22,0.0,31.125,0.0,0.0,0.0,510.2099914550781,513.6799926757812,507.0,511.7699890136719,4328100.0,0.0,0.0,34799.6796875,34879.28125,34673.03125,34823.3515625,291610000.0,14652.7197265625,14694.1904296875,14617.8701171875,14684.599609375,3574560000.0,30446,1886
2021-07-23,0.0,23.75,0.375,0.0,0.0,512.1599731445312,517.4099731445312,504.6600036621094,515.4099731445312,3820500.0,0.0,0.0,34855.109375,35095.328125,34855.109375,35061.55078125,314040000.0,14753.0595703125,14846.0595703125,14698.76953125,14836.990234375,3959410000.0,30823,1646
2021-07-24,0.0,26.291666666666668,0.0,0.0,0.0,,,,,,,,,,,,,,,,,,31195,1661
2021-07-25,0.0,29.166666666666668,0.0,0.0,0.0,,,,,,,,,,,,,,,,,,31398,1717
2021-07-26,0.0,24.541666666666668,0.0,0.0,0.0,514.3800048828125,521.1300048828125,509.010009765625,516.489990234375,2254500.0,0.0,0.0,35055.859375,35150.37109375,34950.19140625,35144.30859375,259790000.0,14821.0302734375,14863.650390625,14790.490234375,14840.7099609375,4409960000.0,30067,1718
2021-07-27,0.0,24.916666666666668,0.0,0.0,0.0,518.0800170898438,521.9500122070312,512.0499877929688,518.9099731445312,2759000.0,0.0,0.0,35078.8984375,35078.8984375,34878.0703125,35058.51953125,326610000.0,14807.9501953125,14811.080078125,14503.759765625,14660.580078125,4300000000.0,55507,1804
2021-07-28,0.0,22.083333333333332,0.7083333333333334,0.0,0.0,521.8200073242188,524.469970703125,516.97998046875,519.2999877929688,2390500.0,0.0,0.0,35109.94921875,35116.37109375,34876.83984375,34930.9296875,347170000.0,14715.66015625,14798.8798828125,14645.6298828125,14762.580078125,4235390000.0,27574,1820
2021-07-29,0.0,20.791666666666668,0.0,0.0,0.0,519.9600219726562,520.780029296875,513.7899780273438,514.25,1736000.0,0.0,0.0,34985.98828125,35171.51953125,34985.98828125,35084.53125,222680000.0,14771.169921875,14833.740234375,14761.3798828125,14778.259765625,3904590000.0,27897,2002
2021-07-30,0.0,23.291666666666668,0.0,0.0,0.0,512.6900024414062,519.7899780273438,510.9599914550781,517.5700073242188,2537100.0,0.0,0.0,35013.26171875,35106.30078125,34871.12890625,34935.46875,276410000.0,14615.849609375,14728.7802734375,14615.849609375,14672.6796875,3628750000.0,27909,1774
2021-07-31,0.0,32.25,0.0,0.0,0.0,,,,,,,,,,,,,,,,,,28824,1780
2021-08-01,0.0,36.0,0.0,0.0,0.0,,,,,,,,,,,,,,,,,,26699,1703
2021-08-02,0.0,20.083333333333332,0.0,0.625,0.0,519.0,519.8499755859375,510.510009765625,515.1500244140625,2096600.0,0.0,0.0,34968.55859375,35192.109375,34808.19921875,34838.16015625,238620000.0,14758.599609375,14770.41015625,14665.669921875,14681.0703125,3738200000.0,29117,1701
2021-08-03,0.0,27.375,0.0,0.0,0.0,514.3900146484375,515.6300048828125,505.3699951171875,510.82000732421875,2579400.0,0.0,0.0,34864.1015625,35120.94140625,34714.328125,35116.3984375,259820000.0,14713.990234375,14762.599609375,14584.08984375,14761.2900390625,4117520000.0,29059,1685
2021-08-04,0.0,27.791666666666668,0.0,0.0,0.0,513.0,517.97998046875,510.3699951171875,517.3499755859375,2039400.0,0.0,0.0,35047.44140625,35047.44140625,34790.62109375,34792.671875,245300000.0,14747.2099609375,14812.3701171875,14734.1201171875,14780.5302734375,4319400000.0,29543,1698
2021-08-05,0.0,30.125,0.5416666666666666,0.0,0.0,517.1300048828125,525.4099731445312,514.02001953125,524.8900146484375,2556700.0,0.0,0.0,34815.609375,35067.5390625,34815.609375,35064.25,216580000.0,14794.080078125,14896.4697265625,14776.0302734375,14895.1201171875,4087320000.0,29125,1719
2021-08-06,0.0,36.458333333333336,0.0,0.0,0.0,524.0,526.8400268554688,519.3900146484375,520.5499877929688,1919800.0,0.0,0.0,35077.44140625,35246.7890625,35077.44140625,35208.51171875,231570000.0,14864.2197265625,14890.1796875,14788.58984375,14835.759765625,4159050000.0,29946,1568
2021-08-07,0.0,42.208333333333336,0.0,0.0,0.0,,,,,,,,,,,,,,,,,,30259,1678
2021-08-08,0.0,45.333333333333336,0.0,0.0,0.0,,,,,,,,,,,,,,,,,,31014,1735
2021-08-09,0.0,34.833333333333336,0.0,0.0,0.4583333333333333,521.1500244140625,522.6699829101562,517.989990234375,519.969970703125,1367800.0,0.0,0.0,35229.671875,35229.671875,35041.23828125,35101.8515625,207850000.0,14855.759765625,14883.8095703125,14802.6904296875,14860.1796875,4095760000.0,30890,1697
2021-08-10,0.0,33.166666666666664,0.0,0.0,0.0,520.0,520.7899780273438,512.969970703125,515.8400268554688,1960500.0,0.0,0.0,35135.171875,35285.16015625,35091.91015625,35264.671875,255040000.0,14887.75,14894.6103515625,14754.48046875,14788.08984375,3978790000.0,29792,1714
2021-08-11,0.0,33.75,0.0,0.0,0.0,517.0,519.5700073242188,509.7699890136719,512.4000244140625,1673900.0,0.0,0.0,35300.890625,35501.16015625,35300.890625,35484.96875,232800000.0,14834.3798828125,14842.5,14692.41015625,14765.1396484375,3980530000.0,31390,1733
2021-08-12,0.0,36.333333333333336,0.0,0.0,0.0,511.8599853515625,513.0,507.20001220703125,510.7200012207031,1685700.0,0.0,0.0,35481.94140625,35510.76953125,35352.53125,35499.8515625,231600000.0,14751.3603515625,14824.3095703125,14698.9404296875,14816.259765625,4020260000.0,30557,1605
2021-08-13,0.0,25.25,0.0,0.4583333333333333,0.0,512.6400146484375,521.4400024414062,511.510009765625,515.9199829101562,2177700.0,0.0,0.0,35551.55859375,35610.5703125,35474.78125,35515.37890625,236790000.0,14825.0703125,14850.6103515625,14797.2197265625,14822.900390625,4038130000.0,29534,1614
2021-08-14,0.0,28.958333333333332,0.0,0.0,0.0,,,,,,,,,,,,,,,,,,28140,1422
2021-08-15,0.0,28.791666666666668,0.0,0.0,0.0,,,,,,,,,,,,,,,,,,28848,1619
2021-08-16,0.0,20.5,0.0,0.0,0.0,515.239990234375,523.3800048828125,512.2999877929688,517.9199829101562,2032800.0,0.0,0.0,35490.828125,35631.19140625,35231.87109375,35625.3984375,292590000.0,14771.5302734375,14794.6796875,14610.01953125,14793.759765625,3953840000.0,30025,1622
2021-08-17,0.0,32.041666666666664,0.0,0.5,0.0,515.469970703125,520.7899780273438,514.2000122070312,518.9099731445312,2309800.0,0.0,0.0,35500.01171875,35500.01171875,35120.30859375,35343.28125,309410000.0,14670.5595703125,14716.9501953125,14550.8798828125,14656.1796875,4151190000.0,29601,1712
2021-08-18,0.0,18.833333333333332,0.4583333333333333,0.0,0.0,520.0,526.3800048828125,518.6500244140625,521.8699951171875,2582000.0,0.0,0.0,35310.19921875,35356.80078125,34943.41015625,34960.69140625,289800000.0,14636.240234375,14697.25,14516.2998046875,14525.91015625,3814120000.0,29704,1688
2021-08-19,0.0,27.916666666666668,0.9583333333333334,0.0,0.0,522.739990234375,548.3900146484375,521.8699951171875,543.7100219726562,7497300.0,0.0,0.0,34874.671875,34997.80859375,34690.25,34894.12109375,333550000.0,14423.16015625,14610.759765625,14423.16015625,14541.7900390625,4172870000.0,29769,1710
2021-08-20,0.0,20.291666666666668,0.0,0.0,0.0,545.0900268554688,551.3900146484375,539.0999755859375,546.8800048828125,3776400.0,0.0,0.0,34917.9609375,35177.26171875,34867.0703125,35120.078125,269320000.0,14571.5302734375,14722.16015625,14571.5302734375,14714.66015625,3864780000.0,28914,1667
2021-08-21,0.0,27.875,0.0,0.0,0.0,,,,,,,,,,,,,,,,,,28341,1622
2021-08-22,0.0,27.041666666666668,0.0,0.0,0.0,,,,,,,,,,,,,,,,,,28429,1736
2021-08-23,0.0,20.083333333333332,0.0,0.0,0.0,545.97998046875,555.5499877929688,543.739990234375,553.3300170898438,2602000.0,0.0,0.0,35160.96875,35428.91015625,35160.96875,35335.7109375,245760000.0,14776.98046875,14963.4697265625,14776.98046875,14942.650390625,3893990000.0,29743,1717
2021-08-24,0.0,20.916666666666668,0.375,0.0,0.0,551.47998046875,555.3099975585938,549.27001953125,553.4099731445312,2109500.0,0.0,0.0,35382.71875,35445.46875,35356.1796875,35366.26171875,228710000.0,14978.1396484375,15034.8896484375,14965.5400390625,15019.7998046875,3792870000.0,29357,1789
2021-08-25,0.0,19.916666666666668,0.0,0.0,0.0,550.1599731445312,552.8400268554688,545.4500122070312,547.5800170898438,2065600.0,0.0,0.0,35388.76953125,35501.140625,35287.62890625,35405.5,237230000.0,15039.0302734375,15059.4296875,15011.580078125,15041.8603515625,3629990000.0,27981,1900
2021-08-26,0.0,17.0,0.0,0.0,0.0,546.1599731445312,552.5999755859375,545.9000244140625,550.1199951171875,1595500.0,0.0,0.0,35449.6796875,35498.44921875,35205.1015625,35213.12109375,239740000.0,15025.169921875,15059.6298828125,14939.5595703125,14945.8095703125,3610970000.0,28496,1777
2021-08-27,0.0,28.083333333333332,0.0,0.0,0.0,551.5999755859375,564.1699829101562,549.25,558.9199829101562,3252600.0,0.0,0.0,35231.109375,35479.1796875,35231.109375,35455.80078125,240990000.0,14969.76953125,15144.48046875,14966.51953125,15129.5,4006310000.0,28296,1609
2021-08-28,0.0,34.0,0.8333333333333334,0.0,0.0,,,,,,,,,,,,,,,,,,28663,1703
2021-08-29,0.0,38.833333333333336,0.0,0.0,0.0,,,,,,,,,,,,,,,,,,32557,1882
2021-08-30,0.0,26.916666666666668,0.9166666666666666,0.0,0.0,557.25,567.1599731445312,556.4500122070312,566.1799926757812,2434800.0,0.0,0.0,35471.80078125,35510.7109375,35374.4609375,35399.83984375,245390000.0,15165.9404296875,15288.080078125,15165.1201171875,15265.8896484375,4034110000.0,40146,2096
2021-08-31,0.0,26.125,0.5416666666666666,0.0,0.0,566.1199951171875,569.47998046875,561.6099853515625,569.1900024414062,2431900.0,0.0,0.0,35391.37890625,35449.7890625,35289.859375,35360.73046875,337240000.0,15262.8798828125,15278.9599609375,15202.669921875,15259.240234375,4170170000.0,28129,1815
2021-09-01,0.0,22.541666666666668,0.0,0.0,0.0,569.0,591.0,569.0,582.0700073242188,5626200.0,0.0,0.0,35387.55078125,35407.37109375,35287.05078125,35312.53125,265520000.0,15308.98046875,15379.5,15302.1103515625,15309.3798828125,4248030000.0,27728,2201
2021-09-02,0.0,25.208333333333332,0.9166666666666666,0.8333333333333334,0.0,583.6799926757812,598.760009765625,583.6799926757812,588.5499877929688,6179900.0,0.0,0.0,35353.05859375,35475.3984375,35348.48046875,35443.8203125,263370000.0,15358.4697265625,15380.0703125,15285.349609375,15331.1796875,4018120000.0,30512,2266
2021-09-03,0.0,24.416666666666668,0.0,0.0,0.0,585.7999877929688,591.8800048828125,583.1400146484375,590.530029296875,2681200.0,0.0,0.0,35401.73046875,35422.7109375,35269.3984375,35369.08984375,221370000.0,15313.41015625,15375.5595703125,15283.669921875,15363.51953125,3692170000.0,46915,2227
2021-09-04,0.0,31.583333333333332,0.0,0.0,0.0,,,,,,,,,,,,,,,,,,37301,2119
2021-09-05,0.0,26.583333333333332,0.0,0.4583333333333333,0.0,,,,,,,,,,,,,,,,,,32794,2020
2021-09-06,0.0,26.875,0.0,0.0,0.0,,,,,,,,,,,,,,,,,,31966,1943
2021-09-07,0.0,23.25,0.0,0.0,0.0,594.6900024414062,613.8499755859375,593.989990234375,606.7100219726562,5821400.0,0.0,0.0,35373.23828125,35373.23828125,35060.8984375,35100.0,289830000.0,15375.98046875,15403.4404296875,15343.2802734375,15374.330078125,3967040000.0,31303,2083
2021-09-08,0.0,22.791666666666668,0.0,0.0,0.0,603.8400268554688,615.5999755859375,595.7100219726562,606.0499877929688,5424500.0,0.0,0.0,35087.44921875,35175.1484375,34925.609375,35031.0703125,261880000.0,15360.349609375,15360.349609375,15206.6103515625,15286.6396484375,4113530000.0,29839,2111
2021-09-09,0.0,23.916666666666668,0.0,0.5833333333333334,0.0,606.469970703125,609.4400024414062,596.5499877929688,597.5399780273438,2954200.0,0.0,0.0,35013.078125,35199.890625,34847.30078125,34879.37890625,261330000.0,15296.0595703125,15352.3798828125,15245.169921875,15248.25,3997250000.0,30014,2165
2021-09-10,0.0,27.041666666666668,0.0,0.0,0.0,598.1599731445312,609.4500122070312,593.6699829101562,598.719970703125,3950800.0,0.0,0.0,34949.58984375,35104.25,34599.609375,34607.71875,333230000.0,15332.919921875,15349.4697265625,15111.3095703125,15115.490234375,4567980000.0,29673,2282
2021-09-11,0.0,35.25,0.0,0.0,0.0,,,,,,,,,,,,,,,,,,29434,1796
2021-09-12,0.0,34.416666666666664,0.0,1.5,0.0,,,,,,,,,,,,,,,,,,30070,2035
2021-09-13,0.0,35.333333333333336,0.0,0.0,0.0,598.5700073242188,598.5700073242188,582.780029296875,589.2899780273438,3062900.0,0.0,0.0,34665.5,34939.1015625,34665.5,34869.62890625,334190000.0,15211.4296875,15215.4404296875,15030.849609375,15105.580078125,4701190000.0,28791,2039
2021-09-14,0.0,20.75,0.0,0.0,0.0,584.8900146484375,587.280029296875,575.5599975585938,577.760009765625,3457000.0,0.0,0.0,34906.8984375,34990.359375,34510.30078125,34577.5703125,325140000.0,15168.4501953125,15181.1904296875,15008.2998046875,15037.759765625,4571950000.0,27990,2115
2021-09-15,0.0,26.125,0.0,0.0,0.0,578.1699829101562,584.6199951171875,575.3699951171875,582.8699951171875,2755600.0,0.0,0.0,34580.94921875,34880.76953125,34522.03125,34814.390625,317490000.0,15071.33984375,15174.3798828125,14984.6796875,15161.5302734375,4446270000.0,29732,2504
2021-09-16,0.0,26.958333333333332,0.0,0.0,0.0,584.2999877929688,587.47998046875,577.719970703125,586.5,1832000.0,0.0,0.0,34810.26953125,34943.55078125,34540.109375,34751.3203125,278270000.0,15120.08984375,15205.5,15047.1396484375,15181.919921875,3681700000.0,28718,1902
2021-09-17,0.0,8.875,0.0,0.0,0.0,587.8499755859375,590.280029296875,580.8499755859375,589.3499755859375,4145100.0,0.0,0.0,34737.859375,34779.859375,34519.62890625,34584.87890625,560630000.0,15163.3603515625,15166.5595703125,14998.73046875,15043.9697265625,6682650000.0,31893,1960
2021-09-18,0.0,20.291666666666668,0.0,0.0,0.0,,,,,,,,,,,,,,,,,,32290,1680
2021-09-19,0.0,33.583333333333336,0.0,0.0,0.0,,,,,,,,,,,,,,,,,,32285,1858
2021-09-20,0.0,29.666666666666668,0.0,0.0,0.0,586.7899780273438,591.530029296875,568.0800170898438,575.4299926757812,3732200.0,0.0,0.0,34459.71875,34459.71875,33613.03125,33970.46875,435780000.0,14758.1396484375,14841.8203125,14530.0703125,14713.900390625,4860630000.0,32797,2063
2021-09-21,0.0,26.75,0.0,0.0,0.9583333333333334,578.3099975585938,581.8800048828125,569.3699951171875,573.1400146484375,2250900.0,0.0,0.0,34025.609375,34313.87890625,33914.01953125,33919.83984375,306970000.0,14803.3603515625,14847.0302734375,14696.4697265625,14746.400390625,4056340000.0,30230,2001
2021-09-22,0.0,32.333333333333336,0.0,0.0,0.0,579.6900024414062,595.6500244140625,579.6900024414062,590.6500244140625,4021800.0,0.0,0.0,34006.87109375,34440.421875,34006.87109375,34258.3203125,296590000.0,14800.58984375,14950.1201171875,14767.009765625,14896.849609375,4229870000.0,30946,2358
2021-09-23,0.0,31.25,0.0,0.0,0.0,590.7899780273438,599.3200073242188,589.1300048828125,593.260009765625,2526200.0,0.0,0.0,34296.30078125,34879.78125,34296.30078125,34764.8203125,283890000.0,14960.0,15085.4404296875,14932.509765625,15052.240234375,4176520000.0,31166,2277
2021-09-24,0.0,17.875,0.0,0.0,0.0,592.5,592.97998046875,583.6400146484375,592.3900146484375,2126200.0,0.0,0.0,34762.30859375,34857.05859375,34648.078125,34798.0,254310000.0,14961.6103515625,15067.5595703125,14946.5703125,15047.7001953125,3972140000.0,33519,1918
2021-09-25,0.0,32.833333333333336,0.0,0.0,0.0,,,,,,,,,,,,,,,,,,35861,1801
2021-09-26,0.0,27.291666666666668,0.0,0.0,0.0,,,,,,,,,,,,,,,,,,37365,2064
2021-09-27,0.0,22.166666666666668,0.0,0.0,0.0,587.9500122070312,593.5800170898438,576.9299926757812,592.6400146484375,2504700.0,0.0,0.0,34739.26953125,35061.12109375,34739.26953125,34869.37109375,289480000.0,14954.1796875,15003.16015625,14864.9599609375,14969.9697265625,4619450000.0,35702,2102
2021-09-28,0.0,25.5,0.0,0.0,0.0,589.0,599.5399780273438,580.1599731445312,583.8499755859375,4431100.0,0.0,0.0,34747.69921875,34798.2109375,34254.6484375,34299.98828125,379020000.0,14787.2099609375,14817.740234375,14539.8798828125,14546.6796875,4954270000.0,34259,2282
2021-09-29,0.0,25.75,0.0,0.0,0.0,589.010009765625,609.8800048828125,588.010009765625,599.0599975585938,6221000.0,0.0,0.0,34360.078125,34580.421875,34305.9609375,34390.71875,290350000.0,14614.8798828125,14676.6201171875,14493.669921875,14512.4404296875,5246170000.0,33566,2244
2021-09-30,0.0,26.583333333333332,0.0,0.0,0.0,608.0499877929688,619.0,608.0499877929688,610.3400268554688,6612600.0,0.0,0.0,34467.98046875,34557.37109375,33833.3203125,33843.921875,354830000.0,14582.599609375,14632.3603515625,14444.2998046875,14448.580078125,5910550000.0,38084,2666
2021-10-01,0.0,23.666666666666668,0.0,0.0,0.0,604.239990234375,614.989990234375,597.510009765625,613.1500244140625,4090800.0,0.0,0.0,33930.69921875,34490.55859375,33785.5390625,34326.4609375,427580000.0,14494.9296875,14606.8203125,14324.009765625,14566.7001953125,4688550000.0,38666,2290
2021-10-02,0.0,30.958333333333332,0.0,0.0,0.0,,,,,,,,,,,,,,,,,,35239,2207
2021-10-03,0.0,39.291666666666664,0.0,0.0,0.0,,,,,,,,,,,,,,,,,,37910,2320
2021-10-04,0.0,24.833333333333332,0.375,0.0,0.0,613.3900146484375,626.1300048828125,594.6799926757812,603.3499755859375,4995900.0,0.0,0.0,34312.9609375,34410.28125,33821.578125,34002.921875,396860000.0,14493.1201171875,14499.740234375,14181.6904296875,14255.48046875,4539650000.0,36541,2363
2021-10-05,0.0,29.333333333333332,0.0,0.0,0.0,606.9400024414062,640.3900146484375,606.8900146484375,634.8099975585938,9534300.0,0.0,0.0,34035.25,34490.94921875,34035.25,34314.671875,311520000.0,14312.8603515625,14508.650390625,14299.7802734375,14433.830078125,4143190000.0,35877,2452
2021-10-06,0.0,23.666666666666668,0.6666666666666666,0.0,0.0,628.1799926757812,639.8699951171875,626.3599853515625,639.0999755859375,4580400.0,0.0,0.0,34198.9609375,34432.6796875,33854.69140625,34416.98828125,322170000.0,14289.4501953125,14509.5498046875,14259.0703125,14501.91015625,4443760000.0,34016,2427
2021-10-07,0.0,23.625,0.0,0.0,0.0,642.22998046875,646.8400268554688,630.4500122070312,631.8499755859375,3556900.0,0.0,0.0,34509.71875,34975.19140625,34509.71875,34754.94140625,273290000.0,14631.7998046875,14755.7197265625,14615.1396484375,14654.01953125,3936210000.0,33357,2278
2021-10-08,0.0,29.583333333333332,0.5833333333333334,0.0,0.0,634.1699829101562,643.7999877929688,630.8599853515625,632.6599731445312,3272100.0,0.0,0.0,34757.5703125,34842.62109375,34661.94921875,34746.25,238080000.0,14694.7197265625,14699.91015625,14569.6796875,14579.5400390625,3557630000.0,32940,2238
2021-10-09,0.0,40.291666666666664,0.0,0.0,0.0,,,,,,,,,,,,,,,,,,34565,2210
2021-10-10,0.0,39.625,0.0,0.0,0.0,,,,,,,,,,,,,,,,,,34632,2303
2021-10-11,0.0,36.5,0.0,0.0,0.0,633.2000122070312,639.4199829101562,626.780029296875,627.0399780273438,2862500.0,0.0,0.0,34723.7890625,34951.3515625,34486.51171875,34496.05859375,256820000.0,14540.080078125,14665.990234375,14482.6201171875,14486.2001953125,3522230000.0,32751,2539
2021-10-12,0.0,40.125,0.0,0.0,0.0,633.02001953125,637.6599731445312,621.989990234375,624.9400024414062,3227300.0,0.0,0.0,34507.1484375,34611.23828125,34318.94140625,34378.33984375,319010000.0,14539.08984375,14552.7099609375,14441.599609375,14465.919921875,4037030000.0,32766,3084
2021-10-13,0.0,34.083333333333336,0.0,0.0,0.0,632.1799926757812,632.1799926757812,622.0999755859375,629.760009765625,2420300.0,0.0,0.0,34372.7109375,34449.828125,34115.1015625,34377.80859375,316220000.0,14537.169921875,14589.2802734375,14471.8798828125,14571.6396484375,4032440000.0,32622,2733
2021-10-14,0.0,30.416666666666668,0.0,0.0,0.0,632.22998046875,636.8800048828125,626.7899780273438,633.7999877929688,2671700.0,0.0,0.0,34443.21875,34923.828125,34443.21875,34912.55859375,338540000.0,14717.5,14827.5595703125,14699.51953125,14823.4296875,4240520000.0,32710,2896
2021-10-15,0.0,30.083333333333332,0.375,0.0,0.0,638.0,639.4199829101562,625.1599731445312,628.2899780273438,4116900.0,0.0,0.0,35023.62890625,35320.96875,35023.62890625,35294.76171875,327870000.0,14891.240234375,14904.98046875,14847.9599609375,14897.33984375,4473930000.0,31473,3034
2021-10-16,0.0,17.791666666666668,0.0,0.0,0.0,,,,,,,,,,,,,,,,,,35855,2961
2021-10-17,0.0,29.625,0.0,0.0,0.0,,,,,,,,,,,,,,,,,,35823,2908
2021-10-18,0.0,25.166666666666668,0.0,0.0,0.0,632.0999755859375,638.4099731445312,620.5900268554688,637.969970703125,4669100.0,0.0,0.0,35221.01953125,35327.5703125,35035.94140625,35258.609375,312640000.0,14839.740234375,15026.6796875,14833.2802734375,15021.8095703125,4142540000.0,36718,2898
2021-10-19,0.0,23.5,0.0,0.0,0.0,636.969970703125,641.0,632.2999877929688,639.0,7633100.0,0.0,0.0,35325.37109375,35462.6796875,35290.12109375,35457.30859375,278510000.0,15073.1298828125,15137.849609375,15049.73046875,15129.08984375,4443000000.0,32190,2851
2021-10-20,0.0,29.791666666666668,0.3333333333333333,0.0,0.0,625.5700073242188,637.4000244140625,617.1500244140625,625.1400146484375,10622000.0,0.0,0.0,35475.16015625,35669.69140625,35465.7109375,35609.33984375,265750000.0,15160.0,15178.3896484375,15071.150390625,15121.6796875,4086590000.0,33589,4507
2021-10-21,0.0,31.041666666666668,0.0,0.0,0.0,628.8900146484375,654.010009765625,628.6500244140625,653.1599731445312,8437100.0,0.0,0.0,35520.3203125,35612.359375,35442.53125,35603.078125,298390000.0,15104.7998046875,15222.25,15094.1396484375,15215.7001953125,4880390000.0,32457,3443
2021-10-22,0.0,25.166666666666668,0.3333333333333333,0.0,0.0,651.8099975585938,665.4600219726562,651.8099975585938,664.780029296875,6186000.0,0.0,0.0,35607.71875,35765.01953125,35533.94921875,35677.01953125,346290000.0,15158.0703125,15193.009765625,15021.01953125,15090.2001953125,5719760000.0,30474,2388
2021-10-23,0.0,25.916666666666668,0.0,0.0,0.0,,,,,,,,,,,,,,,,,,30734,2049
2021-10-24,0.0,24.041666666666668,0.0,0.0,0.0,,,,,,,,,,,,,,,,,,30207,1954
2021-10-25,0.0,20.666666666666668,0.0,0.0,0.0,663.739990234375,675.8800048828125,657.0700073242188,671.6599731445312,3833500.0,0.0,0.0,35692.62109375,35787.0390625,35629.37109375,35741.1484375,267220000.0,15142.919921875,15259.6298828125,15070.75,15226.7099609375,5677320000.0,29580,2336
2021-10-26,0.0,19.166666666666668,0.0,0.0,0.0,673.760009765625,676.489990234375,662.77001953125,668.52001953125,2904800.0,0.0,0.0,35791.05078125,35892.921875,35734.73046875,35756.87890625,321910000.0,15317.5,15384.0,15198.23046875,15235.7099609375,7035470000.0,30119,2678
2021-10-27,0.0,19.5,0.0,0.0,0.0,669.0,671.4099731445312,661.8499755859375,662.9199829101562,2276900.0,0.0,0.0,35835.4296875,35835.4296875,35490.4296875,35490.69140625,354180000.0,15276.0,15364.5400390625,15235.83984375,15235.83984375,6083210000.0,29488,2619
2021-10-28,0.0,22.166666666666668,0.0,0.0,0.0,670.9500122070312,676.7999877929688,668.030029296875,674.0499877929688,2859400.0,0.0,0.0,35545.41015625,35742.25,35545.41015625,35730.48046875,337400000.0,15304.740234375,15452.2998046875,15290.3095703125,15448.1201171875,5660240000.0,29239,2315
2021-10-29,0.0,13.041666666666666,0.0,0.25,0.0,673.0599975585938,690.969970703125,671.239990234375,690.3099975585938,3825300.0,0.0,0.0,35712.28125,35852.53125,35633.19921875,35819.55859375,399400000.0,15323.2900390625,15504.1201171875,15323.2900390625,15498.3896484375,5310370000.0,28536,1943
2021-10-30,0.0,14.375,0.0,0.0,0.0,,,,,,,,,,,,,,,,,,28134,1816
2021-10-31,0.0,11.0,0.0,0.0,0.0,,,,,,,,,,,,,,,,,,29783,1918
2021-11-01,0.0,9.166666666666666,0.0,0.0,0.0,689.0599975585938,689.969970703125,676.5399780273438,681.1699829101562,3110900.0,0.0,0.0,35833.6484375,36009.73828125,35797.96875,35913.83984375,292880000.0,15541.259765625,15598.9501953125,15470.8203125,15595.919921875,5239250000.0,28670,2096
2021-11-02,0.0,11.083333333333334,0.20833333333333334,0.0,0.0,683.1099853515625,687.6799926757812,673.8200073242188,677.719970703125,3888600.0,0.0,0.0,35935.109375,36088.80859375,35884.12890625,36052.62890625,304510000.0,15583.98046875,15656.599609375,15569.26953125,15649.599609375,5118540000.0,28514,1984
2021-11-03,0.0,7.583333333333333,0.0,0.0,0.0,677.27001953125,689.3900146484375,677.27001953125,688.2899780273438,2334900.0,0.0,0.0,36059.08984375,36178.51171875,35891.73046875,36157.578125,262540000.0,15658.51953125,15821.5703125,15616.4404296875,15811.580078125,5274520000.0,28673,2022
2021-11-04,0.0,14.75,0.4166666666666667,0.0,0.0,685.8900146484375,685.9400024414062,665.5,668.4000244140625,4865000.0,0.0,0.0,36107.4609375,36168.03125,35986.48046875,36124.23046875,307640000.0,15849.740234375,15966.08984375,15827.66015625,15940.3095703125,5252570000.0,28797,1907
2021-11-05,0.0,20.291666666666668,0.0,0.0,0.0,663.969970703125,665.6400146484375,645.010009765625,645.719970703125,5283500.0,0.0,0.0,36268.75,36484.75,36190.19921875,36327.94921875,344600000.0,16003.5595703125,16053.3896484375,15900.7802734375,15971.58984375,5534130000.0,28269,1755
2021-11-06,0.0,32.25,0.0,0.0,0.0,,,,,,,,,,,,,,,,,,28825,1856
2021-11-07,0.0,36.375,0.0,0.0,0.0,,,,,,,,,,,,,,,,,,31080,2059
2021-11-08,0.0,28.625,0.0,0.0,0.0,650.2899780273438,656.0,643.7899780273438,651.4500122070312,2887500.0,0.0,0.0,36416.4609375,36565.73046875,36334.421875,36432.21875,284400000.0,15995.7197265625,16038.23046875,15961.8095703125,15982.3603515625,5620280000.0,27050,1978
2021-11-09,0.0,26.25,0.0,0.0,0.0,653.7000122070312,660.5,650.52001953125,655.989990234375,2415600.0,0.0,0.0,36404.53125,36416.98046875,36173.0703125,36319.98046875,258020000.0,16024.1298828125,16035.2099609375,15836.6796875,15886.5400390625,5531330000.0,28956,2344
2021-11-10,0.0,35.25,0.0,0.0,0.0,653.010009765625,660.3300170898438,642.1099853515625,646.9099731445312,2405800.0,0.0,0.0,36299.25,36346.609375,36009.5,36079.94140625,278390000.0,15753.83984375,15867.240234375,15543.6796875,15622.7099609375,5336480000.0,26265,2327
2021-11-11,0.0,27.458333333333332,0.0,0.0,0.0,650.239990234375,665.8200073242188,649.7100219726562,657.5800170898438,2868300.0,0.0,0.0,36038.78125,36108.171875,35915.26953125,35921.23046875,270320000.0,15752.080078125,15768.0302734375,15695.76953125,15704.2802734375,4520600000.0,24806,2145
2021-11-12,0.0,27.625,0.5833333333333334,0.0,0.0,660.010009765625,683.3400268554688,653.8200073242188,682.6099853515625,4198400.0,0.0,0.0,35963.78125,36147.62890625,35934.58984375,36100.30859375,293180000.0,15752.6201171875,15874.5703125,15705.3798828125,15860.9599609375,5412870000.0,27699,2113
2021-11-13,0.0,38.916666666666664,0.0,0.0,0.0,,,,,,,,,,,,,,,,,,33912,2036
2021-11-14,0.0,31.75,0.0,0.0,0.0,,,,,,,,,,,,,,,,,,33833,2274
2021-11-15,0.0,36.041666666666664,0.0,0.0,0.0,681.239990234375,685.260009765625,671.489990234375,679.3300170898438,2872200.0,0.0,0.0,36128.828125,36236.0703125,36031.78125,36087.44921875,280660000.0,15894.8203125,15918.4501953125,15778.3095703125,15853.849609375,4978040000.0,33967,1931
2021-11-16,0.0,26.791666666666668,0.0,0.0,0.0,678.27001953125,688.3599853515625,676.9000244140625,687.4000244140625,2077400.0,0.0,0.0,36076.1796875,36316.609375,36076.1796875,36142.21875,308290000.0,15840.3203125,15989.6103515625,15825.0,15973.8603515625,5441150000.0,27848,1825
2021-11-17,0.0,31.583333333333332,0.0,0.0,0.0,690.0,700.989990234375,686.0900268554688,691.6900024414062,2732800.0,0.0,0.0,36159.69921875,36159.69921875,35909.48046875,35931.05078125,358310000.0,15973.6201171875,15998.5703125,15909.3896484375,15921.5703125,5024540000.0,31531,1824
2021-11-18,0.0,28.875,0.0,0.0,0.0,691.6099853515625,691.739990234375,679.739990234375,682.02001953125,2012900.0,0.0,0.0,35901.69140625,35952.62890625,35654.390625,35870.94921875,435080000.0,15973.3896484375,16010.8798828125,15848.830078125,15993.7099609375,5361690000.0,30821,1734
2021-11-19,0.0,26.041666666666668,0.0,0.0,0.0,692.3499755859375,694.1599731445312,675.0,678.7999877929688,2613700.0,0.0,0.0,35879.08984375,35879.08984375,35555.37109375,35601.98046875,408840000.0,16042.16015625,16121.1201171875,16017.23046875,16057.4404296875,4849160000.0,31629,1518
2021-11-20,0.0,25.125,0.7083333333333334,0.0,0.0,,,,,,,,,,,,,,,,,,33594,1457
2021-11-21,0.0,29.791666666666668,0.0,0.0,0.0,,,,,,,,,,,,,,,,,,34453,1579
2021-11-22,0.0,31.833333333333332,0.4583333333333333,0.0,0.0,676.02001953125,679.47998046875,656.469970703125,659.2000122070312,2764400.0,0.0,0.0,35631.41015625,35929.66015625,35615.55078125,35619.25,420810000.0,16120.919921875,16212.23046875,15851.0400390625,15854.759765625,5531070000.0,30895,1530
2021-11-23,0.0,23.291666666666668,0.0,0.0,0.0,658.1799926757812,666.4299926757812,646.0499877929688,654.0599975585938,2320200.0,0.0,0.0,35619.921875,35841.51953125,35542.87109375,35813.80078125,392520000.0,15809.5,15895.8603515625,15601.4599609375,15775.1396484375,5412610000.0,26112,1677
2021-11-24,0.0,22.958333333333332,0.375,0.0,0.0,658.010009765625,661.4400024414062,651.0999755859375,658.2899780273438,1867300.0,0.0,0.0,35752.30859375,35825.46875,35591.03125,35804.37890625,280960000.0,15677.8798828125,15848.5595703125,15591.3603515625,15845.23046875,4178630000.0,25719,1557
2021-11-25,0.0,29.125,0.0,0.0,0.0,,,,,,,,,,,,,,,,,,27639,1586
2021-11-26,0.0,27.041666666666668,0.0,0.0,0.0,675.0,676.4099731445312,660.6699829101562,665.6400146484375,2872500.0,0.0,0.0,35366.69140625,35366.69140625,34749.80078125,34899.33984375,324580000.0,15664.3798828125,15731.5400390625,15456.08984375,15491.66015625,3502030000.0,25703,1515
2021-11-27,0.0,32.333333333333336,0.0,0.0,0.0,,,,,,,,,,,,,,,,,,26671,1572
2021-11-28,0.0,31.375,0.0,0.0,0.0,,,,,,,,,,,,,,,,,,26449,1718
2021-11-29,0.0,21.0,0.0,0.4166666666666667,0.0,663.2000122070312,667.989990234375,658.2899780273438,663.8400268554688,2529400.0,0.0,0.0,35017.7109375,35287.91015625,34895.890625,35135.94140625,416040000.0,15719.419921875,15833.1103515625,15644.6103515625,15782.830078125,4800570000.0,26513,1552
2021-11-30,0.0,19.916666666666668,0.0,0.0,0.0,668.2000122070312,675.3800048828125,640.010009765625,641.9000244140625,5608900.0,0.0,0.0,35056.98828125,35056.98828125,34424.44140625,34483.71875,678800000.0,15716.5,15828.2001953125,15451.3896484375,15537.6904296875,6609380000.0,25825,1583
2021-12-01,0.0,16.375,0.0,0.0,0.0,649.47998046875,654.52001953125,617.0700073242188,617.77001953125,3882800.0,0.0,0.0,34678.94140625,35004.640625,34006.98046875,34022.0390625,496000000.0,15752.26953125,15816.8203125,15243.9296875,15254.0498046875,6266020000.0,29057,2313
2021-12-02,0.0,22.5,0.0,0.0,0.0,617.0999755859375,625.3599853515625,612.8800048828125,616.469970703125,3331100.0,0.0,0.0,34076.25,34759.6484375,34076.25,34639.7890625,466900000.0,15181.8203125,15444.5400390625,15150.1201171875,15381.3203125,5390100000.0,30356,4152
2021-12-03,0.0,18.833333333333332,0.0,0.0,0.0,622.75,625.5,594.0,602.1300048828125,4829300.0,0.0,0.0,34692.78125,34801.30859375,34264.5703125,34580.078125,439550000.0,15428.7099609375,15470.3603515625,14931.0595703125,15085.4697265625,5859520000.0,34058,2216
2021-12-04,0.0,30.916666666666668,0.0,0.0,0.0,,,,,,,,,,,,,,,,,,32384,1765
2021-12-05,0.0,30.791666666666668,0.4583333333333333,0.0,0.0,,,,,,,,,,,,,,,,,,31261,1821
2021-12-06,0.0,26.625,0.0,0.0,0.0,606.010009765625,617.2899780273438,601.0,612.6900024414062,3075700.0,0.0,0.0,34633.4296875,35356.75,34633.4296875,35227.03125,416720000.0,15117.6298828125,15281.990234375,14931.6103515625,15225.150390625,5095960000.0,29744,1676
2021-12-07,0.0,21.791666666666668,0.0,0.0,0.0,619.8300170898438,628.8900146484375,611.4000244140625,625.5800170898438,3125200.0,0.0,0.0,35423.98828125,35819.46875,35423.98828125,35719.4296875,474940000.0,15510.91015625,15720.08984375,15507.66015625,15686.919921875,5091220000.0,29186,1776
2021-12-08,0.0,26.0,0.0,0.0,0.0,630.0,632.4600219726562,623.2000122070312,628.0800170898438,2220300.0,0.0,0.0,35716.8515625,35840.51953125,35602.6484375,35754.75,387650000.0,15690.650390625,15792.6396484375,15618.8798828125,15786.990234375,4600800000.0,27196,1546
2021-12-09,0.0,21.166666666666668,0.5,0.0,0.0,627.5800170898438,630.239990234375,610.4400024414062,611.0,2376300.0,0.0,0.0,35722.26171875,35864.23828125,35577.140625,35754.69140625,353020000.0,15720.5400390625,15796.0498046875,15511.1201171875,15517.3701171875,4484230000.0,25989,1470
2021-12-10,0.0,27.5,0.0,0.0,0.0,616.780029296875,617.739990234375,605.8800048828125,611.6599731445312,2748800.0,0.0,0.0,35830.55078125,35982.69140625,35710.4296875,35970.98828125,361200000.0,15629.58984375,15677.599609375,15477.849609375,15630.599609375,4395460000.0,26720,1546
2021-12-11,0.0,33.708333333333336,0.0,0.0,0.0,,,,,,,,,,,,,,,,,,26252,1438
2021-12-12,0.0,29.25,0.0,0.0,0.0,,,,,,,,,,,,,,,,,,27822,1545
2021-12-13,0.0,22.708333333333332,0.0,0.0,0.0,612.0,612.6400146484375,599.52001953125,604.5599975585938,2517900.0,0.0,0.0,35958.9296875,35958.9296875,35609.53125,35650.94921875,441110000.0,15621.26953125,15637.0595703125,15408.25,15413.2802734375,4549170000.0,26308,1503
2021-12-14,0.0,24.083333333333332,0.0,0.0,0.0,598.7100219726562,602.2899780273438,588.1300048828125,597.989990234375,2984500.0,0.0,0.0,35605.73046875,35779.46875,35441.73828125,35544.1796875,440900000.0,15215.9599609375,15317.5498046875,15097.349609375,15237.6396484375,4802460000.0,30438,1723
2021-12-15,0.0,37.125,0.0,0.0,0.0,598.1799926757812,605.6900024414062,584.510009765625,605.0399780273438,2866200.0,0.0,0.0,35549.3515625,35943.83984375,35389.30078125,35927.4296875,424720000.0,15230.7099609375,15575.759765625,15055.23046875,15565.580078125,5318850000.0,29440,1547
2021-12-16,0.0,29.25,0.5833333333333334,0.0,0.0,597.0900268554688,602.8300170898438,588.0,591.0599975585938,3143200.0,0.0,0.0,36036.28125,36189.828125,35778.2109375,35897.640625,473620000.0,15629.080078125,15633.1904296875,15119.490234375,15180.4296875,4890470000.0,27334,1568
2021-12-17,0.0,23.791666666666668,0.0,0.0,0.0,591.6099853515625,593.25,581.739990234375,586.72998046875,4386900.0,0.0,0.0,35800.109375,35800.109375,35284.26171875,35365.44140625,750480000.0,15036.76953125,15288.7802734375,14960.3701171875,15169.6796875,7616320000.0,29766,1487
2021-12-18,0.0,27.875,0.0,0.0,0.0,,,,,,,,,,,,,,,,,,30063,1474
2021-12-19,0.0,37.083333333333336,0.8333333333333334,0.0,0.0,,,,,,,,,,,,,,,,,,29888,1660
2021-12-20,0.0,20.166666666666668,0.0,0.0,0.0,586.4299926757812,602.8800048828125,584.260009765625,593.739990234375,3358400.0,0.0,0.0,35222.12109375,35222.12109375,34665.5,34932.16015625,386590000.0,14933.0,15007.2998046875,14860.0400390625,14980.9404296875,4576750000.0,29610,1594
2021-12-21,0.0,26.541666666666668,0.0,0.0,0.0,597.5399780273438,607.8200073242188,593.8599853515625,604.9199829101562,2319400.0,0.0,0.0,35069.5,35508.9609375,35069.5,35492.69921875,346080000.0,15140.4296875,15349.0595703125,15015.0302734375,15341.08984375,4546230000.0,27723,1656
2021-12-22,0.0,27.875,0.0,0.0,0.0,603.3599853515625,614.8200073242188,602.6300048828125,614.239990234375,2335700.0,0.0,0.0,35491.7109375,35764.671875,35433.12890625,35753.890625,281930000.0,15319.16015625,15525.9697265625,15303.0595703125,15521.8896484375,4080900000.0,27746,1530
2021-12-23,0.0,30.125,0.0,0.0,0.0,616.4000244140625,616.8800048828125,607.5700073242188,614.0900268554688,1621100.0,0.0,0.0,35782.421875,36060.98828125,35782.421875,35950.55859375,247420000.0,15544.7900390625,15697.98046875,15528.91015625,15653.3701171875,3918200000.0,25746,1437
2021-12-24,0.0,27.833333333333332,0.0,0.0,0.0,,,,,,,,,,,,,,,,,,27270,1715
2021-12-25,0.0,28.958333333333332,0.0,0.0,0.0,,,,,,,,,,,,,,,,,,28312,1701
2021-12-26,0.0,27.833333333333332,0.0,0.0,0.0,,,,,,,,,,,,,,,,,,28327,1775
2021-12-27,0.0,20.458333333333332,0.0,0.0,0.0,615.0,615.0,609.25,613.1199951171875,2061500.0,0.0,0.0,35954.48046875,36306.609375,35954.48046875,36302.37890625,244350000.0,15696.830078125,15871.400390625,15696.830078125,15871.259765625,3730120000.0,28913,1851
2021-12-28,0.0,20.416666666666668,0.0,0.0,0.0,614.9500122070312,618.4099731445312,609.6900024414062,610.7100219726562,1882800.0,0.0,0.0,36302.98828125,36527.26171875,36302.98828125,36398.2109375,239090000.0,15895.2001953125,15901.4697265625,15757.0703125,15781.7197265625,3623600000.0,29370,1872
2021-12-29,0.0,23.416666666666668,0.0,0.0,0.0,610.7100219726562,613.97998046875,604.6799926757812,610.5399780273438,1287200.0,0.0,0.0,36421.140625,36571.55078125,36396.19140625,36488.62890625,213480000.0,15794.919921875,15821.8095703125,15679.849609375,15766.2197265625,3694500000.0,28595,1857
2021-12-30,0.0,16.333333333333332,0.0,0.0,0.0,612.989990234375,620.6099853515625,611.239990234375,612.0900268554688,1625100.0,0.0,0.0,36522.48046875,36679.44140625,36372.12890625,36398.078125,205620000.0,15758.98046875,15868.08984375,15729.16015625,15741.5595703125,3732730000.0,29984,1800
2021-12-31,0.0,22.958333333333332,0.0,0.0,0.0,,,,,,,,,,,,,,,,,,26795,1774
